review,keyword1,keyword2,keyword3,keyword4,keyword5,keyword6,keyword7,keyword8,keyword9,keyword10,keyword11,keyword12,keyword13,keyword14,keyword15,keyword16,keyword17,keyword18,keyword19,keyword20,keyword21,keyword22,context1_keyword,context2_keyword,context3_keyword,sentiment1,sentiment2,sentiment3,keyword23,keyword24,keyword25,keyword26,keyword27,keyword28,keyword29,keyword30,keyword31,keyword32,keyword33,keyword34,keyword35,keyword36,keyword37,keyword38,keyword39,keyword40,keyword41
"ร้านอาหารใหญ่มากกกกกกก 
เลี้ยวเข้ามาเจอห้องน้ำก่อนเลย เออแปลกดี 
ห้องทานหลักๆอยู่ชั้น 2 มีกาแฟ น้ำผึ้ง ซึ่งก็แค่เอาน้ำผึ้งมาราด แพงเวอร์ อย่าสั่งเลย 
ลาบไข่ต้ม ไข่มันคาวอะ เลยไม่ประทับใจเท่าไหร่
ทอดมันหัวปลีกรอบอร่อยต้องเบิ้ล 
พะแนงห่อไข่อร่อยดี เห้ยแต่ราคา 150บาทมันเกินไปนะ รับไม่ไหวว
เลิกกินแล้วมีขนมหวานให้กินฟรีเล็กน้อย )ขนมไทย) 

คงไม่ไปซ้ำ แพงเกิน ",ร,า,ค,า,",",,บ,ร,ร,ย,า,ก,า,ศ,",",,ไ,ข,่,ต,้,ม,ร้านอาหารใหญ่มากกกกกกก,ร้านอาหารใหญ่มากกกกกกก เลี้ยวเข้ามาเจอห้องน้ำก่อนเลย เออแปลกดี,ห้องทานอาหารอยู่ชั้น 2 มีกาแฟ น้ำผึ้ง ซึ่งก็แค่เอาน้ำผึ้งมาราด แพงเวอร์ อย่าสั่งเลย,neutral,neutral,negative,,,,,,,,,,,,,,,,,,,
"วันนี้ได้มีโอกาสไปนั่งซดกาแฟที่ร้านวาวี แถวๆอารีย์

ก็ได้ยินมาบ่อยๆละ จากหลายที่ แต่ที่บ่อยสุดก็จาก Twitter ว่ากาแฟที่นี่อร่อยมากกกกกกก
เรียกว่าระดับแฟนๆ Starbuck ยังต้องเหลียวมามอง ก็ดองมานานจนถึงวันนี้โอกาสเหมาะ ไป
present งานที่ตึก Software Park เสร็จก็เลยมาหาไรกินแถวนี้พอดี
จัดไป.....


บรรยากาศรอบๆร้านก็แต่งได้น่านั่ง อารมณ์ประมาณว่าอยู่ในสวนบ้านเราเอง ต้นไม้เยอะดี
อย่างน้อยก็เป็นสีเขียวเล็กๆ ในใจกลางเมืองได้ละ
เขียวชอุ่ม

ว่าแล้วไม่รอช้าขอ Test ไม่สิ Taste เลยดีกว่าเดินเข้าร้านทันใด ป้าบบ...

""พี่คับ เอา...ลาเต้ ร้อนแก้วนึงคับ""
ว่างๆ มานั่งจิบกาแฟ ฟังเพลง พักผ่อนได้ดีทีเดียว

จ่ายตังเสร็จ ก็ถูกพนักงานอัญเชิญไปรอที่โต๊ะ 55+ เพราะที่นี่เขาเสริฟให้ถึงที่ หุๆ
ก็เลือกที่นั่งริมกระจก จะได้เห็นสาวๆ เอ้ย วิวถนัดๆหน่อย
นั่งชมวิวรอกาแฟมา

ไม่นานเกินอึดใจ ไวไวยังไม่ทันสุก ลาเต้ร้อนๆก็มาวางอยู่ข้างหน้า
ซู้ดดดดดดด อ่าห์

ชำเลืองตามองลงไป....โอ้วว ที่นี่มีเล่นลายฟองนมด้วยเว้ยยย
แต่พอดีด้วยความตะกละไปนิดดันฉีกน้ำตาลเทใส่แล้วเผลอคน ก็เลยไม่ได้
ถ่ายรูปมาให้ดู 55+ เหลือแต่ซากอารยธรรมลาเต้เมพๆ


หน้าตาผ่าน ที่นี่ก็รสชาติ 1...2.....ชู้ดดดดดดด
เฮ้ยยย นี่มัน....เมพพพพ ถึงเราจะไม่ค่อยรู้เรื่องกาแฟมากนัก แต่เท่าที่เคยลองชิมๆ
มา รสชาติและกลิ่นมันไม่ธรรมดาเลย หอมๆ ถือว่าเป็นมวยรุ่นเดียวกะ Starbuck ได้


เมนูอื่นๆ ลองชิม Coco ปั่น ของเพื่อนก็แหล่มไม่แพ้กัน วิปครีมหวานมัน โกโก้ก็หอม
ส่วนเพื่อนอีกคนสั่งน้ำส้มกะเค้กช็อกโกแลตมันก็บอกว่าแจ่ม ......


สรุปก็คือ บรรยากาศก็ดี บริการก็ดี กาแฟอร่อย ราคาไม่แพง(แต่กินบ่อยก็จุกได้)
ถ้าครายผ่านแถวอารีย์มากินเหอะ ซอยไรจำไม่ได้รู้แต่อยู่ตรงข้าม Villa ตรง BS อารีย์เลยอะ 55+

ถ่ายโดย : Tan
กล้อง : ซัมซวย Omnia i900 (สีภาพถึงได้ไม่ค่อยสวยเท่าไหร) ",ก,า,แ,ฟ,",",,บ,ร,ร,ย,า,ก,า,ศ,",",,ร,ส,ช,า,ต,ิ,ร้านอาหารใหญ่มากกกกกกก เลี้ยวเข้ามาเจอห้องน้ำก่อนเลย เออแปลกดี,ราคา 150 บาทมันเกินไปนะ รับไม่ไหวว,ทอดมันหัวปลีกรอบอร่อยต้องเบิ้ล,negative,negative,positive,,,,,,,,,,,,,,,,,,,
"สารภาพว่าไม่เคยคิดจะไปต่อคิวซื้อมากินเองครับ บังเอิญมีรุ่นน้องที่ไม่ได้เจอกันนานชวนไปเป็นเพื่อน แล้วเค้าให้ซื้อได้คนละกล่อง เลยเข้าไปต่อคิวซื้อให้น้องเพิ่มอีกกล่องนึง น้องใจดีแบ่งมาให้ชิมหนึ่งชิ้นถ้วน ^^""

รออยู่เกือบสองชั่วโมง ได้ลัดคิวเพราะสั่ง original แบบ glazed ทั้งกล่อง หลังร้านจะมีที่นั่งนะครับ เป็นโต๊ะเก้าอี้ แต่ไม่ค่อยมีคนนั่งซักเท่าไหร่ ก็สะดวกดีสำหรับการนัดพบกัน (ถ้าร้านยังอยู่ต่อไปนะ ^^)

มาถึงตัวโดนัท เสียดายที่ใส่กล่องทิ้งไว้นานแล้วเลยไม่ค่อยอุ่น ถ้าเสร็จใหม่ๆหรือเอาไปอบเพิ่มน่าจะดีกว่านี้ เนื้อแป้งนิ่มมากถ้าเทียบกับยี่ห้อใกล้เคียงที่เป็นแบบเดียวกัน ทำให้เวลาจับเบาๆน้ำตาลก็จะร่วงออกมาง่ายไปหน่อย

น้องบอกว่าหวานไป ผมเห็นด้วยส่วนนึง เพราะแป้งนิ่มเวลากินก็จะทำให้รับรสหวานจากแป้งได้ง่ายกว่า ยิ่งทำให้น้ำตาลที่เคลือบอยู่แบบไม่หนา ซึ่งหวานพอดีอยู่แล้วดันหวานขึ้นไปอีก แต่ถ้ากินพร้อมกาแฟน่าจะเวิร์กครับ

ก็หวังว่าจะอยู่ต่อไปนานๆ อย่าโรยราไปตามความนิยมที่ยังไงๆ ก็ต้องลดลงตามเวลา่นะครับ :D",โ,ด,น,ั,ท,",",,ร,ส,ช,า,ต,ิ,",",,ค,ว,า,ม,ห,ว,า,ร้านอาหารใหญ่มากกกกกกก,ร้านอาหารใหญ่มากกกกกกก,ร้านอาหารใหญ่มากกกกกกก,neutral,neutral,neutral,น,,,,,,,,,,,,,,,,,,
"ร้านอาหารญี่ปุ่นร้านนี้ ใจจริงไม่อยากแนะนำเลยค่ะ อยากเก็บไว้เป็นความลับคนเดียว เพราะไม่อยากให้คนมาแย่งกินเลย ร้านนี้ดิชั้นยกให้เป็น ""Best value Japanese set lunch in Thonglor"" รู้จักมาได้เพราะจับได้ว่าส๊ามีชอบแอบไปกินอยู่คนเดียว พอถามเค้าว่าทำไมต้องไปกินคนเดียวด้วย เค้าก็บอกว่าอาหารที่นี่เป็นอาหารแห่งจิตวิิญญาณของเค้า เค้าอยากจะซึมซับมันเงียบๆ คนเดียว ดิชั้นเข้าใจเค้าค่ะ เพราะจำได้ว่าตอนที่เค้าพาดิชั้นกับลูกวัยซนไปกินครั้งแรก วิบัติมาก 

เข้าเรื่องดีกว่า จะดุูว่าร้านญี่ปุ่นร้านไหนอร่อย และที่สำคัญคุ้มค่า ในย่านทองหล่อนะคะ ให้ดูว่ามื้อกลางวันแม่บ้านญี่ปุ่นเค้าไปทานกันที่ไหน วาซาบิอันเป็นหนึ่งในร้านที่แม่บ้านญี่ปุ่นนิยมทานกัน สาเหตุก็เพราะคุณภาพอาหารและราคาที่ยากจะหาใครสู้ค่ะ วันนี้สั่งอาหารชุดปลาซาบะย่าง (300 บาท) มีให้เลือกว่าจะย่างเกลือหรือย่างซีอิ๊ว แค่ได้เห็นปลาที่ยกมาเสิร์ฟก็คุ้มค่าแล้วค่ะ เพราะร้านอื่นๆ รูปปลาในเมนูมักจะดูชิ้นใหญ่กว่าที่เสิร์ฟ แต่ร้านนี้ปลาที่ได้ชิ้นใหญ่กว่าที่เห็นในเมนูมาก ขนาดเท่าฝ่ามือเลยค่ะ ปลาซาบะย่างเกลือทานกับหัวไขเท้าฝนและบีบมะนาวนิดหน่อย เนื้อปลาหวานนุ่มชุ่มน้ำมันปลา กินกับข้าวญ่ีปุ่นร้อนๆ อร่อยอย่าบอกใคร แทบจะลืมเครื่องเคียงที่เอาไว้แกล้ม มีทั้งหน่อไม้คลุกปลาแห้ง แตงกวาดอง ซุปมิโซะ และไข่ตุ่๋น  ไข่ตุ่๋นที่นี่เน้ือเนียนนุ่ม ตักเข้าปากแล้ว melt in your mouth ทันที รสชาดก็เริ่ด เพราะเค้าใช้น้ำซุปอย่างดีมาทำค่ะ พอทานไปแป๊บนึงเค้าก็จะยกปลาดิบที่แถมมากับเซ็ต ซึ่งมีปลาโอ 2 ชิ้นเบิ้ม และปลาหมึกอีก 2 ชิ้น โอวสุดคุ้ม

ส่วนส๊ามีสั่ง Tekkadon Set (ข้าวหน้าปลาทูน่าเนื้อแดง 340 บาท) เชฟบอกว่าปลาทูน่าเพิ่งส่งมาจากญี่ปุ่นเลยค่ะ ปลาทูน่าชิ้นใหญ่ 8 ชิ้นวางลงบนข้าวคลุกน้ำส้มสายชู คัมเปียว เห็ดหอมหมักซีอิ๊ว รสชาดกลมกล่อม เอาวาซาบิสดๆ แต้มบนเนื้อปลานิดนึง เสร็จแล้วเอาโชยุราดทับ ฮีอม ในเซ็ตยังมีไข่ตุ่นและอุด้ง ซึ่งมีให้เลือกทั้งร้อนและเย็น วันนี้เราสั่งแบบร้อน ซุปเค้ารสชาดดีมาก ส๊ามีบอกว่า ชิราชิเซ็ต (ข้าวหน้าปลาดิบรวม) ของร้านนี้ก็คุ้มสุดยอด 

ทานเสร็จยังมีชากาแฟ ร้อนหรือเย็น เสิร์ฟพร้อมขนมโมจิ และถั่วแดงเย็นปิดท้าย เห็นมั๊ยล่ะคะ คุ้มค่าขนาดนี้แม่บ้านญี่ปุ่นถึงได้มา ""โออิชิ โออิชิ"" กันทุกกลางวัน ตอนจ่ายเงินก็ไม่หงุดหงิด เพราะราคาในเมนูคือราคาที่เน็ตแล้ว ไม่มี VAT หรือ Service charge มาบวกเพิ่มให้กวนใจ

วาซาบิอันตั้งอยู่ที่ต้นซอยทองหล่อฝั่งสุขุมวิท ตรงทางเข้า Grand Tower จอดรถได้ในลานจอดของ Grand Tower แล้วนำบัตรมาประทับตราที่ร้านค่ะ",ว,า,ซ,า,บ,ิ,",",,ป,ล,า,ซ,า,บ,ะ,",",,ข,้,า,ว,ห,ร้านอาหารใหญ่มากกกกกกก เลี้ยวเข้ามาเจอห้องน้ำก่อนเลย เออแปลกดี,ร้านอาหารใหญ่มากกกกกกก เลี้ยวเข้ามาเจอห้องน้ำก่อนเลย เออแปลกดี,ร้านอาหารใหญ่มากกกกกกก,neutral,neutral,neutral,น,้,า,ป,ล,า,,,,,,,,,,,,,
"เดือนแรกที่เค้าต่อคิวกัน 2 - 3 ชั่วโมง เราก็ว่าเค้าบ้าอ่ะ...เมืองนอกเมืองนาเค้าแจกฟรีให้ชิมในขณะที่ทำ Original Glazed สดๆ ... แล้ววันนึงอ้อมที่อ้อมเบื่อ(งาน)ถึงขีดสุด ก็ไปลองต่อแถวมั่ง ฮ่าๆๆ บ้าดีเนอะ ต่อไปก็แอบฟังคนข้างๆคุยกัน...ส่วนมากจะเป็นแบบว่า แฟนสาว ""เธอว์...เพื่อนเค้าบอกว่าอร่อยแบบละลายในปากเลยนะ อยากกิวอ่าอยากกิว""...แฟนหนุ่ม (คิดในใจ ถ้าพูดออกมาเดี๋ยวมีงอน)""บ้าป่าวอ่ะ ต่อไรนาน วู้ววว"" ต่อคิว 2 ชั่วโมงครึ่งค่ะ พอซื้อได้เหมือนมีชัยชนะ โดนัทอร่อยขึ้นมาอย่างไม่น่าเชื่อ แต่อ้อมซื้อแล้วก็แจกคนไปทั่วนะคะ กินแค่ 2 ชิ้นพอ แบ่งปันความสุขให้คนอื่น มีความสุขอีกสิบเท่าค่ะ

เข้าเรื่อง!! KK นี่กินมาหลายสาขาก่อนเปิดที่ไทย ขอบอกว่า KK ไทย ไม่ทำให้ผิดหวัง Original glazed รสชาติเหมือนกันเรย :) นิ่มสยิวกิ้ววว >_<"" ถ้าจะให้ดีต้องกินแบบใหม่ๆเลยนะคะ แป้งจะนุ่ม น้ำตาลจะกรอบและไม่หวานเกินไป เรียกได้ว่าเป็นสุดยอดโดนัทจริงๆ กินยังไงก็ยังอร่อยค่ะ แต่ถ้าปล่อยข้ามวันแล้ว ถึงแม้จะเอามาเวฟ 8 วิ ก็จะรู้สึกว่าหวานไปนิส ขอแนะนำให้กินกะกาแฟค่ะ หวานนิสตัดกะขมหน่อย อร่ออยเหาะเลยค่ะ

รสชาติอื่นยังไม่เคยลองสาขานี้นะคะ แต่ยังไงอ้อมว่า Original glazed ก็ฟินสุดละค่ะ ยอมรับว่าอาจจะไม่คุ้มกับการต่อคิว 2 ชั่วโมง แต่ตอนนี้คิวแค่ 10 นาที (ฝั่งติดกระจกเป็นแบบเลือกหลายรส ถ้าฝั่งด้านนอกเป็นแถว Original glazed เท่านั้น) ขอบอกว่าคุ้มอย่างแน่นอนนะคะ ขอติดให้ห้าตาวค่ะ ด้วยความที่เป็นสาวกมานาน

ปล.ตอนอ้อมซื้อ Citibank ซื้อ 12 ชิ้น (รสใดก็ได้) ได้ฟรี 6 ชิ้น Original glazed ค่ะ",โ,ด,น,ั,ท,",",,O,r,i,g,i,n,a,l,,G,l,a,z,e,d,ร้านอาหารใหญ่มากกกกกกก เลี้ยวเข้ามาเจอห้องน้ำก่อนเลย เออแปลกดี,ห้องทานอาหารอยู่ชั้น 2 มีกาแฟ น้ำผึ้ง ซึ่งก็แค่เอาน้ำผึ้งมาราด แพงเวอร์ อย่าสั่งเลย,ราคา 150 บาทมันเกินไปนะ รับไม่ไหวว,neutral,negative,negative,",",,ค,ิ,ว,,,,,,,,,,,,,,
"เข้าวังไปจิบกาแฟกันนะครับ บอกได้เลยว่า มาร้านนี้ อิ่มท้อง แล้วก็อิ่มใจ ที่ได้รับรู้เรื่องราวประวัติศาตร์ของวังพญาไท รู้สึกภูมิใจในประเทศของเราจัง ร้านกาแฟแห่งนี้มีประวัติยาวนาน เป็นร้านกาแฟที่สืบทอดมาจากร้านกาแฟ นรสิงห์เดิมที่ตั้งอยู่มุมสนามเสือป่า ซึ่งนับเป็น ‘คาเฟ่’ แห่งแรกของสยามประเทศที่เกิดขึ้นในสมัยรัชกาลที่ 6 ปัจจุบันร้านกาแฟนรสิงห์อยู่ในเขตพระราชวังพญาไท ภายใน รพ.พระมงกุฏ ให้บรรยากาศคลาสสิกเหมือนไปจิบกาแฟในพระราชวังเก่า ที่อนุญาติให้เปิดเป็นร้านกาแฟได้ เพราะอาคารนี้เป็นเพียงอาคารเทียบรถพระที่นั่ง หรือเรียกกันว่า พระที่นั่งพิมานจักรี ซึ่งก็ให้สามัญชนเข้าใช้รอ ก่อนที่จะเข้าเฝ้าครับ โดยอาคารมีกลิ่นไอแบบตะวันตก รายละเอียดผนัง โคมไฟ หน้าต่างกระจก ดูสวยงามตามยุคสมัยนั้น หลังจากอิ่มท้องกับกาแฟ เค้ก และอาหารแล้วเรายังสามารถเดินเยี่ยมชมพระราชวังพญาไท และบริเวณโดยรอบได้อีกด้วย

http://gadget4thai.com/?p=1360

Cafe de Norasingha ร้านกาแฟ นรสิงห์ ณ วังพญาไท

ร้านกาแฟนรสิงห์อยู่ในเขตพระราชวังพญาไท ภายใน รพ.พระมงกุฏ เปิดบริการทุกวัน 9 โมงเช้าถึง 1 ทุ่ม

พิกัด GPS 13° 46′ 2″ N, 100° 32′ 3″ E",ว,ั,ง,พ,ญ,า,ไ,ท,",",,น,ร,ส,ิ,ง,ห,์,",",,ค,า,เ,ทอดมันหัวปลีกรอบอร่อยต้องเบิ้ล,ร้านอาหารใหญ่มากกกกกกก,ร้านอาหารใหญ่มากกกกกกก,positive,neutral,neutral,ฟ,่,,,,,,,,,,,,,,,,,
"ร้านอาหารเรื่อนปั้นหยา ที่จอดรถกว้างขวางสะดวกสบาย

รสชาติอาหารของที่นี่ถือว่าโอเคในระดับนึง แต่มีของแปลกๆอย่างเช่น เป็ดอบกาแฟ ห่อหมกครก
ราคาอาหารแพงไปนิดสำหรับคุณภาพอาหาร
บรรยากาศปานกลางครับ ไม่ได้เริ่ดหรูอลังการอย่างร้านอื่นๆในละแวกนี้

ลองดูครับหนึ่งทางเลือกสำหรับคนชอบ อาหารทะเล

ราคากลาง รสชาติดี บรรยากาศโอเค",อ,า,ห,า,ร,ท,ะ,เ,ล,",",,ร,า,ค,า,",",,บ,ร,ร,ย,า,ร้านอาหารใหญ่มากกกกกกก เลี้ยวเข้ามาเจอห้องน้ำก่อนเลย เออแปลกดี,ร้านอาหารใหญ่มากกกกกกก เลี้ยวเข้ามาเจอห้องน้ำก่อนเลย เออแปลกดี,ร้านอาหารใหญ่มากกกกกกก เลี้ยวเข้ามาเจอห้องน้ำก่อนเลย เออแปลกดี,neutral,neutral,neutral,ก,า,ศ,,,,,,,,,,,,,,,,
"ร้านกาแฟอเมซอน มีหลายสาขาครับ
แต่ที่แนะนำ คือร้านที่อยู่ในปั๊ม ปตท. ขาเข้ากทม จากจังหวัดนครปฐม
ที่มีร้านสรรพสินค้า เจ๊ต ในปั๊มด้วย
ร้านจะอยู่ด้วยหลัง เห็นชัดครับ

ร้านนี้พิเศษคือพนักงาน น่ารักทุกคน สังเกตว่า ลูกค้า มักเป็นหนุ่มๆ ทำฟอร์มมาดื่มกาแฟ
แต่ชอบดูพนักงานมากกว่า
และพิเศษอีกอย่าง คือ เค๊กของร้านนี้ พิเศษ มีขายเฉพาะสาขานี้
โดยเฉพาะเค๊กนมสด ซื้อไปให้ใครรับประทาน จะบอกว่าอร่อยทุกคนครับ
แนะนำเลย

ส่วนกาแฟที่ผมดื่มประจำ คือ Amazon special ก็คือ กาแฟ Amazon ที่เข้มข้น double
ขมสะใจดีครับ 
ที่ร้านมีหนังสือพิมพ์หลายฉบับให้นั่งอ่าน และ Wifi free ครับ

เอาไปเลยครับ สามดาว
",ก,า,แ,ฟ,",",,เ,ค,้,ก,",",,พ,น,ั,ก,ง,า,น,,,,ร้านอาหารใหญ่มากกกกกกก,กาแฟที่นี่อร่อยมาก หอมกลิ่นกาแฟคั่วสด,กาแฟที่นี่อร่อยมากกกกกกก เรียกว่าระดับแฟนๆ Starbuck ยังต้องเหลียวมามอง,neutral,positive,positive,,,,,,,,,,,,,,,,,,,
"ขอไปกินกับเค้าบ้างเหอะ แหม อยู่ใกล้บ้านตั้งขนาดนี้ ไม่ได้ไปกินมาตั้งเกินสองปีแล้วนะเนี่ย อืม แต่ถึงไม่ได้กินนานแต่ก็ยังนึกรสออก แล้วก็ออกมาตามที่คิดจริงๆด้วย

ไปวันเสาร์ตอนบ่าย ไม่ต้องรอ แต่ว่าผ่านมาตอนดึกๆอีกที ปรากฎว่าต้องรอแฮะ คนตรูม อืม สงสัยจะเป็นวัฒนธรรมใหม่ๆเหมือนกันที่ทานข้าวเสร็จ + ก่อนไปเที่ยวต้องหาคาเฟ่นั่ง อันนี้ถือว่าน่าสนใจ

ร้านยังสวยเนี้ยบ ใส่ใจในรายละเอียด ไม่แปลกใจว่าดังได้นาน ยิ่งคุณเมออกหนังสือเล่มใหม่ตะลุยกินของหวานที่ญี่ปุ่นมาอีก ช่างเสริมกันซะจริงๆ เก่งครับ

วันนี้มาทาน Shibuya Honey Toast กับ Horlicks Latte  ชิบูยะ ฮันนี่ โทสท์ราคา 165 บาท จะว่าแพงมั้ยก็แพงแต่มันก็เยอะนะ ไอศครีมสองลูกกับขนมปังหนาประมาณขนมปังธรรมดา 4 แผ่น กินคนเดียวไม่หมดแน่ ขนมปังกรอบนอกนุ่มใน อร่อยครับ มี maple syrup ให้เทเองนี่สวรรค์ชัดๆ วิปครีมก็ปกติ แต่ที่ขัดนิดหน่อยคือไอติมวนิลานี่ไอติมวอลล์รึเปล่า ทำไมมันบ้านๆจัง อันนี้ถ้าเปลี่ยนได้ก็จะดี ส่วนฮอลิกส์ร้อน หวานไปหน่อย น่าจะสั่งกาแฟมากกว่าเพราะมันหวานแข่งกับ toast ที่แฟนผมใส่ syrup ซะท่วมจานฮ่าๆ

เหมือนมาจับผิด แต่จับได้ไม่มากนักเอาไปสี่ดาวเลย!",ฮ,ั,น,น,ี,่,,โ,ท,ส,ท,์,",",,ร,า,ค,า,",",,ร,ส,กาแฟที่นี่อร่อยมาก หอมกลิ่นกาแฟคั่วสด,รสชาติและกลิ่นมันไม่ธรรมดาเลย หอมๆ ถือว่าเป็นมวยรุ่นเดียวกะ Starbuck ได้,กาแฟที่นี่อร่อยมาก หอมกลิ่นกาแฟคั่วสด,positive,positive,positive,ช,า,ต,ิ,,,,,,,,,,,,,,,
"Vanilla Cafe (วานิลลาคาเฟ่) : คาเฟ่สไตล์ญี่ปุ่น-อิตาเลียน กลางซอยเอกมัย 12

ร้านวานิลลาคาเฟ่ เป็นหนึ่งในร้านของวานิลาการ์เด้นค่ะ โดยในสวนกลางซอยเอกมัย 12 นี้จะมีร้านย่อยๆ อีก 3 ร้านด้วยกันค่ะ Vanilla Cafe’, Royal Vanilla และ Sauce  Vanilla Cafe’ (ร้านหนังสือ) ซึ่งครั้งนี้ออฟ ไผ่ จิโรจและมิวหลังจากที่ไปเที่ยวตลาดคลองสวนกันมาแล้ว ไปเที่ยวตลาด 100 ปีบ้านใหม่มาแล้ว ไปดู I am number four มากันแล้ว ก็มาปิดท้ายการทานอาหารเย็นร่วมกันที่ร้านวานิลลาค่ะ ที่เลือกร้านนี้เพราะว่าเห็นว่าเป็นร้านที่พี่สาวโปรดปรานเอามากๆ เรียกได้ว่าแนะนำถึงขนาดว่า ต้องมาทานคาโบนาร่าของที่นี่ให้ได้เลยทีเดียวค่ะ

อ่านรายละเอียดต่อได้ที่ http://don-jai.com/vanilla-cafe/",ค,า,เ,ฟ,่,",",,ว,า,น,ิ,ล,ล,า,",",,ค,า,โ,บ,น,า,กาแฟที่นี่อร่อยมากกกกกกก เรียกว่าระดับแฟนๆ Starbuck ยังต้องเหลียวมามอง,กาแฟที่นี่อร่อยมากกกกกกก เรียกว่าระดับแฟนๆ Starbuck ยังต้องเหลียวมามอง,กาแฟที่นี่อร่อยมาก หอมกลิ่นกาแฟคั่วสด,positive,positive,positive,ร,่,า,,,,,,,,,,,,,,,,
"ร้าน 1-cake ร้านกาแฟแอนด์เบเกอรี่ เป็นร้านกาแฟน่ารัก ตั้งอยู้ตรงข้ามกับพานิชใน  จังหวัดพนะนครศรีอยุธยา
ค่ะ ถ้ามาจากกรุงเทพ ขับตรงข้ามสะพานเข้าตัวเมืองอยุธยา ชิดด้านซ้าย ลงจากสะพาน เลี้ยวซ้ายแล้วขับตรงมาเลื่อยๆๆ ผ่านตลาดเจ้าพรหม โรงเรียนจอมสุรางค์อุปถัมภ์ ตลาดหัวรอ โรงเรียนอนุบาลพนะนครศรีอยุธยา และพานิชในอยู่ซ้ายมือ ก้อจะเห็นร้านอยูาฝั่งตรงข้ามค่ะ ร้าน 1-cake มีบริการกาแฟสด สมูตตี้ต่างๆและขนมอบประเภทขนมเค้ก ภายในร้านตกแต่งน่ารักตามสไตย์ของพี่หนึ่งเจ้าของร้านใจดี คุยเก่งที่สำคัญทำขนมเค้กได้อร่อยมากค่ะทั้งงเค้กนมสดและชีสเค้ก หลังจากไปทานครั้งแรกก้อลายเป็นลูกค้าประจำมาจนถึงทุกวันนี้ ถ้าเป็นกาแฟสดขอแนะนำ คาราเมลราเต้ เข้มข้น หอม หวาน ได้กลิ่นกาแฟแท้ แก้วนี้สำหรับคนชอบทานลาเต้เอาไปเต็มสิบเลยค่ะ ยิ่งทานคู่กับชีสเค้กทั้งไวท์ชีสเค้กและสตอเบอรี่ชีสเค้ก รับรองว่าชิ้นเดียวไม่พอแน่แน่   ตัวเค้กของร้านนุ่ม แน่น หอมเนย มากค่ะ ร้านใส่ชีสเต็มที่ รสชาติหวาน หอม มันค่ะ ถ้าเป็นพวกสมูตตี้ขอแนะนำแอปเปิ้ลเขียวสมูทตี้ แอบเปิ้ลเขียวกับไซรัสสูตรเฉพาะของทางร้าน ปั่นละเอียดเนียน  ได้รสของแอบเปิ้ลเขียวเปรี้ยวอมหวาน ดื่มแล้วชื่นใจคลายร้อนค่ะ ขอแนะนำให้สั่งคู้กับราวนี่ชิ้นโต ร้านใส่ช๊อคโกแลตไม่อั๋นเลยค่ะ ชิ้นนี้เข้มข้นถูกใจคนรักช๊อกโกแลตค่ะ สุดท้ายคือเครบเค้กนุ่มๆๆ หอมๆๆ ตัวเครบเค้กเบา นิ่ม หอมทานคู่กับซอสสตอเบอรี่เปรี้ยวอมหวาน ไม่อยากวางช้อนเลยค่ะ เสาร์อาทิตย์แวะวาไหว้พระที่จังหวัดพระนครศรีอยุธยาต้องไม่พลาดแวะมาชิมเค้กกับกาแฟสดที่นี้ค่ะ",ก,า,แ,ฟ,",",,เ,ค,้,ก,",",,ส,ม,ู,ต,ต,ี,้,,,,กาแฟที่นี่อร่อยมาก หอมกลิ่นกาแฟคั่วสด,กาแฟที่นี่อร่อยมาก หอมกลิ่นกาแฟคั่วสด,กาแฟที่นี่อร่อยมากกกกกกก เรียกว่าระดับแฟนๆ Starbuck ยังต้องเหลียวมามอง,positive,positive,positive,,,,,,,,,,,,,,,,,,,
"kissing You Coffee ร้านกาแฟสุดฮิปของชาวธรรมศาสตร์ ร้านนี้อยู่ที่ชั้นหนึ่งอาคารพักอาศัย 14 ชั้นใครไม่เคยมาถ้าขับรถเข้ามาจากประตูฝั่งเชียงราก เลี้ยวซ้ายผ่านสนามกีฬาพญานาค แล้วเลี้ยวซ้ายที่ถนนพิราบขาวอีกที ก็จะเจอตึก 14 ชั้น จอดรถหน้าตึกได้เลยค่ะ ร้านอยู่ตรงข้ามกับร้านเชียงฮายค่ะ

น้องๆๆเค้านิยมมานั่ง chill-out กันที่นี้เพราะร้านมีมุมเก๋ๆๆให้นั่ง นั่งคุยกันไปฟังเพลงไป มีกาแฟ เครื่องดื่ม
เบเกอรี่และอาหารฟิวชั่นจานเดียวรสชาติดี ในบรรยากาศสบายสบายค่ะ

เด่นที่สุดก็ต้องเป็นกาแฟค่ะ เมนูแนะนำที่มาต้องสั่งทุกครั่งคือ Banana Split Latte(85บาท) เป็นกาแฟสูตรเฉพาะของทางร้าน สีชมพูอ่อนปนน้ำตาลสีสวยน่าทานมาก เพราะเป็นเอสเพลสโซ่เข้มข้นผสมช๊อกโกแลต ใส่ไซรับรสกล้วยและสตอเบอรี่ ทั้งเข้มข้นทั้งหอมหวาน เป็นกาแฟซิกเนเจอร์เฉพาะของร้านที่สั่งครั้งแรกก้อต้องตกหลุมรักแก้วนี้ไปเต็มๆ:))

ถ้าเป็นเค้กแอนด์เบเกอรี่ที่ทุกโต๊ะต้องสั่ง ฮันนี่โทรต์ (139 บาท) ขนมปังฮันนี่โทตน้ำตาลชิ้นหนาเสริพคู่มากับไอศรีมวานิลาหรือช๊อคโกแล๊ต โรยด้วยน้ำฝึ้งหวานหอม จานนี้เอาไปเลยเต็มสิบ ไปทุกครั้งก็สั่งทุกครั้งค่ะ พวกขนมปังปิ้งก็ใช้ได้ค่ะ ขนมปังชิ้นหนาปิ้งจนกรอบนอกนุ่มใน โรยใส่ต่างๆ ทั้งทั้งเนยนม แยมส้ม สังขยาใบเตย ทานตอนร้อนๆคู่กับกาแฟอร่อยมากจริงๆ (ขนมปังแผ่นละ 13 บาท)

อาหารจานเดียวมีเมนูน่าทานหลายๆอย่างเช่น มาม่าต้มยำน้ำข้นทะเล ข้าวไส้กรอกผัดพริกไทยดำ แต่ที่จะสั่งบ่อยๆ จะเป็นสลัดไก่กรอบค่ะ (139 บาท)เพราะที่น้านใช้ผักออร์แกนิคสด และทำน้ำสลัดเอง มีผักและน้ำสลัดเป็นขวดแบ่งขายด้วยค่ะ

ร้านเปิดถึงดึกๆๆเลยค่ะ ว่างๆๆก้อแวะไปทานตลอดเลย ;p",ก,า,แ,ฟ,",",,บ,ร,ร,ย,า,ก,า,ศ,",",,ส,ล,ั,ด,ไ,ก,กาแฟที่นี่อร่อยมาก หอมกลิ่นกาแฟคั่วสด,กาแฟที่นี่อร่อยมากกกกกกก เรียกว่าระดับแฟนๆ Starbuck ยังต้องเหลียวมามอง,กาแฟที่นี่อร่อยมาก หอมกลิ่นกาแฟคั่วสด,positive,positive,positive,่,ก,ร,อ,บ,,,,,,,,,,,,,,
"ร้านไอศครีมน่ารักๆ เหมาะกับพาครอบครัวมานั่งทานอาหารว่างกันตอนบ่ายๆหรือตอนค่ำๆก่อนกลับบ้านมากๆ
วิธีไป จำง่ายๆเข้าซอย Chic Republic วิ่งเข้าไปซัก 500 เมตรอยู่ฝั่งขวา อยู่ตรงข้าม 13 เหรียญเลย

ไอศครีมโฮมเมดแสนอร่อย 
- รสโปรดคือ มะม่วง เปรี้ยวอมหวาน และหอมมากมาย (แอบชอบมากกว่าฮาเก้นดาสอีก)
- รสนี้ไม่เหมือนร้านอื่น มะนาว งงละสิว่าไม่เหมือนยังไง มันเปรี้ยวจี้ดได้ใจมากๆ ถูกใจที่สุด เหมือนกินมะนาวจริงๆ รสชาติไม่เหมือนรสมะนาวสีเขียวที่เราทานกันตอนเด็กๆนะ อันนั้นมีแต่กลิ่นมะนาว
- รสชอคโกแลตส้ม กับ กาแฟเอคเปรสโซ่ ก็เข้มข้นมากๆ ใครชอบขมๆต้องลอง
และยังมีอีกหลายสิบรสสับเปลี่ยนกันไม่เลือกซ้ำ

เครื่องดื่ม
- กาแฟแก้วโต 
- โมจิโต้ คือมะนาวปั่นใส่มิ้นท์นั่นเอง
- สตอร์เบอรรี่ปั่น (มีแต่ของเปรียวๆ :P)

ของกินเล่น และของหนัก
- ยำองุ่นหมูย่าง 
- สลัดหลายแบบ
- สปาเกตตี้หลายอย่าง

ราคาไอศครีม สกู๊ปละ 49 บาท ถ้าจำไม่ผิดนะ
อาหารจานละ 120 - 200 บาท โดยประมาณ

ถ้าเบื่อร้านไอศครีมเดิมๆในห้าง มาลองชิมร้านนี้ดู แล้วจะติดใจ ^^",ไ,อ,ศ,ค,ร,ี,ม,",",,ช,ิ,ม,",",,ร,า,ค,า,,,,,กาแฟที่นี่อร่อยมาก หอมกลิ่นกาแฟคั่วสด,กาแฟที่นี่อร่อยมากกกกกกก เรียกว่าระดับแฟนๆ Starbuck ยังต้องเหลียวมามอง,กาแฟที่นี่อร่อยมาก หอมกลิ่นกาแฟคั่วสด,positive,positive,positive,,,,,,,,,,,,,,,,,,,
"ร้านวโรชา เป็นร้านก๋วยเตี๋ยวเล็กๆ ที่เปิดมานานแล้ว
อยู่บริเวณซอยเอกมัย 12
ถ้ามาจากรถไฟฟ้า BTS ให้ลงสถานีเอกมัย
และเดินเข้าไปในซอยร้านบ้านไร่กาแฟ (เดินเข้าำไปไกลพอสมควร)
ร้านจะอยู่ฝั่งขวา ให้สังเกตป้ายร้านเหนือศีรษะ

สำหรับเมนูแนะนำร้านนี้ คือ
ปอเปี๊ยะสด ที่ใส่เครื่องครบครัน ราดน้ำจิ้มรสกลมกล่อม
และ เครื่องดื่ม อยากให้ลองสั่งชาจีน(เป็นขวด) เนื่องจากมีกลิ่นที่หอมชวนดื่มมากๆ
",ก,๋,ว,ย,เ,ต,ี,๋,ย,ว,",",,เ,อ,ก,ม,ั,ย,",",,ป,อ,กาแฟที่นี่อร่อยมาก หอมกลิ่นกาแฟคั่วสด,กาแฟที่นี่อร่อยมาก หอมกลิ่นกาแฟคั่วสด,กาแฟที่นี่อร่อยมากกกกกกก เรียกว่าระดับแฟนๆ Starbuck ยังต้องเหลียวมามอง,positive,positive,positive,เ,ป,ี,๊,ย,ะ,,,,,,,,,,,,,
"โอมุ ร้านคาเฟ่ข้าวห่อไข่สไตล์ญี่ปุ่น ร้านตกแต่งน่ารักโปร่งโล่ง แสงธรรมชาติทำให้นั่งสบาย มี Wi-Fi บริการด้วย และมีเมนูข้าวห่อไข่ให้เลือกเยอะมาก แถมครัวเป็นแบบเปิดให้เห็นวิธีการทำข้าวห่อไข่

ข้าวห่อไข่ของที่นี่มีซอสให้เลือกทานหลากหลาย  ลองสามเมนู Demigalce sauce Omurice with beef hamburger ,Lava style Omurice (Tanpopo),  Baked cream sauce Omurice with mushroom, bacon and cheese (Omudoria) รสชาดกลมกล่อมทั้งสามอย่างที่ลองทาน เมนูที่อยากแนะนำคือไข่เมนูราดซอสเดมิกลาสเลือกไข่แบบลาวา เวลาทานใช้มีดผ่าไข่ให้แผ่ลงมา ไข่นุ่มข้นๆเยิ้มๆจะเข้ากันดีมากกับซอสที่กลมกล่อมรสหวานเค็มเปรี้ยวนิดๆ ชอบจานนี้จริงๆ แนะนำเลยค่ะ
",ข,้,า,ว,ห,่,อ,ไ,ข,่,",",,เ,ม,น,ู,",",,บ,ร,ร,ย,กาแฟที่นี่อร่อยมาก หอมกลิ่นกาแฟคั่วสด,กาแฟที่นี่อร่อยมากกกกกกก เรียกว่าระดับแฟนๆ Starbuck ยังต้องเหลียวมามอง,น้องบอกว่าหวานไป ผมเห็นด้วยส่วนนึง เพราะแป้งนิ่มเวลากินก็จะทำให้รับรสหวานจากแป้งได้ง่ายกว่า,positive,positive,neutral,า,ก,า,ศ,,,,,,,,,,,,,,,
"ไม่รู้จะใจร้ายไปรึเปล่า แต่ไม่อร่อยอ่ะค่ะ

1.Chocolate ที่ให้มาสำหรับจิ้ม เย็นได้โล่ ไม่มีไฟอังมาให้ด้วยค่ะ ใส่ถ้วยมาเฉยๆ
2.โฆษณาว่าเป็น chocolate มาจาก Swiss แต่หวานมากกกกกกก ประมาณว่าเอาอะไรไปจิ้มไม่ได้เลย
3.เครื่องที่ใช้จิ้ม เห่ยมาก Waffle แข็งกรอบ ส่วนบราวนี่ก็หวานสุดๆ บวกกับ chocolate ที่หวานอยู่แล้วแทบตายเลยทีเดียว

ไปลองกันได้ค่ะ

ลักษณะร้านเป็นร้านคาเฟ่เล็กๆริมทางในห้าง มีเก้าอี้นั่งได้ประมาณ 6 ที่ค่ะ
ราคาขายไม่แพงมากสำหรับฟองดู แต่ก็ไม่ได้ถูกค่ะ",ห,ว,า,น,",",,ช,็,อ,ก,โ,ก,แ,ล,ต,",",,เ,ค,ร,ื,่,เนื้อแป้งนิ่มมากถ้าเทียบกับยี่ห้อใกล้เคียงที่เป็นแบบเดียวกัน ทำให้เวลาจับเบาๆน้ำตาลก็จะร่วงออกมาง่ายไปหน่อย,น้องบอกว่าหวานไป ผมเห็นด้วยส่วนนึง เพราะแป้งนิ่มเวลากินก็จะทำให้รับรสหวานจากแป้งได้ง่ายกว่า,น้องใจดีแบ่งมาให้ชิมหนึ่งชิ้นถ้วน ^^,negative,neutral,positive,อ,ง,,,,,,,,,,,,,,,,,
"ร้านกาแฟร้านนี้ เมื่อเข้าไปแล้วบรรยายกาศจะออกแนวไทยๆหรูๆ ด้านในมีเพียงไม่กี่โต๊ะ ทำให้ดูไม่แออัดจนเกินไป สามารถนั่งได้เรื่อยๆ
มีปลั๊กไฟให้บริการหลายจุด(ชอบมาก เหมาะสำหรับเอาโน้ตบุ๊คมาทำงานมากๆเลยหล่ะ)
อาหารในร้านก็มีทั้งคาวหวานเลยค่ะ
แต่ที่ไปทานมาคราวนี้เป็นเค้กกับกาแฟค่ะ

เมนูที่ทานไปก็
1ชาเขียวลาเต้ 65(ผงชาเขียวจับเป็นก้อนไปหน่อย. แต่ก็โอเค)
2คาปูชิโน 40(เพื่อนดื่ม น่าจะโอเคกว่าชาเขียว)
3เค้กมะตูม 110(แปลกดี อร่อยด้วย)
4เครปเค้กราดบลูเบอร์รี่ 110(แป้งเครปหนาไปนิด)",บ,ร,ร,ย,า,ก,า,ศ,",",,ก,า,แ,ฟ,",",,พ,ล,ั,๊,ก,ไ,เนื้อแป้งนิ่มมากถ้าเทียบกับยี่ห้อใกล้เคียงที่เป็นแบบเดียวกัน,ได้ดีที่สุด,ได้คนละกล่อง,negative,positive,neutral,ฟ,,,,,,,,,,,,,,,,,,
"ร้านนี้ ใครๆก็รู้จักว่าเป็นร้านกาแฟ แต่อาหารของเค้าก็อร่อยนะ
ตอนนี้ ถึงแม้คาร์ฟูร์ อ่อนนุช เปลี่ยนเป็นบิ๊กซี เอ็กซ์ตร้า ไปแล้ว  แต่ร้านนี้ก็ยังขายดิบขายดี ถ้าไม่รีบไปแต่วัน ก็ต้องไปคอยให้โต๊ะว่าง จะให้ดี ไปช่วง 11 โมงจะได้เลือกที่นั่งตามสบาย

วันนี้ไปกันแค่ 2 คน เลือกจับจองโต๊ะริมหน้าต่าง สั่งเครื่องดื่มประจำ มอคค่าเย็น แต่หน้าเสียดายที่ ""น้ำมะขาม"" ถูกถอดออกจากเมนูแล้ว แต่สาขานี้ยังพอสั่งได้
สั่งเมนูแนะนำ ข้าวมัน-แซลมอลย่าง-ส้มตำแอปเปิ้ล ฟิวชั่นฟูดตามสมัยนิยม กับผัดไทเกี๊ยวกรอบกุ้งสด
ถูกใจแซลมอลย่างชิ้นใหญ่ ย่างพอดีสุก สัมตำอาจจะรสอ่อนไปหน่อย ออกไปทางเปรี้ยวเนื่องจากแอปเปิ้ลเขียวรสเปรี้ยว  ส่วนผัดไทนั้น เกี๊ยวทอดกรอบกำลังดี ไม่มีกลิ่นหืนน้ำมันและไม่ไหม้เกรียม

ตอนนี้ มีโปรโมชั่นซื้อกาแฟ&ชอคฯ 6 แก้วฟรี 1 แก้ว หมดเขต 15 ต.ค.54 เป็นการฉลองรางวัลชนะเลิศบาริสต้าและลาเต้อาร์ต 12 รางวัล
",ก,า,แ,ฟ,",",,อ,า,ห,า,ร,",",,โ,ป,ร,โ,ม,ช,ั,่,น,น้องบอกว่าหวานไป ผมเห็นด้วยส่วนนึง เพราะแป้งนิ่มเวลากินก็จะทำให้รับรสหวานจากแป้งได้ง่ายกว่า,น้องบอกว่าหวานไป ผมเห็นด้วยส่วนนึง เพราะแป้งนิ่มเวลากินก็จะทำให้รับรสหวานจากแป้งได้ง่ายกว่า,น้องบอกว่าหวานไป ผมเห็นด้วยส่วนนึง เพราะแป้งนิ่มเวลากินก็จะทำให้รับรสหวานจากแป้งได้ง่ายกว่า,neutral,neutral,neutral,,,,,,,,,,,,,,,,,,,
"ร้านนี้หาไม่ยาก ถ้ามาจากแมคโครจะอยู่ตรงหัวมุมสี่แยกกกส้มโฮงพอดี
เจ้าของร้านเป็นวิศวกรหรือสถาปนิกไม่แน่ใจ แต่บริหารพื้นที่จำกัดได้ดี และเก๋ๆในบริเวณนั้น
เมนูแรกที่ปลาเผาสูตรสิงห์บุรี
ที่น้ำจิ้มสามแบบ จะเป็นแมงดา ,น้ำจิ้มสะเดาน้ำปลาหวาน,และน้ำจิ้มซีฟู๊ด

เนื้อปลาหวานและหอมกลิ่นย่างแบบเฉพาะ ชอบมะเขือเผาที่รสชาติอร่อยติดปาก
วันนี้มากันแค่สามคนพ่อลูกเลยสั่งแกงเลียงกุ้งสด
เครื่องข้นมาก แ่ซ่บได้ที่ สองอย่างกับข้าวโถอิ่มแปร้เลย

เจ้าของร้านบอกว่ามีขายกาแฟสดด้วย ถ้ามากลางวันคงได้แวะลอง
**ร้านปิดวันอาทิตย์นะคะ เราพลาดไปหลายทีเพราะไปวันอาทิตย์**",ป,ล,า,เ,ผ,า,",",,น,้,ำ,จ,ิ,้,ม,",",,แ,ก,ง,เ,ล,น้องบอกว่าหวานไป ผมเห็นด้วยส่วนนึง เพราะแป้งนิ่มเวลากินก็จะทำให้รับรสหวานจากแป้งได้ง่ายกว่า,น้องใจดีแบ่งมาให้ชิมหนึ่งชิ้นถ้วน ^^,น้องใจดีแบ่งมาให้ชิมหนึ่งชิ้นถ้วน ^^,neutral,positive,positive,ี,ย,ง,,,,,,,,,,,,,,,,
"
---------เกริ่นๆ

คือเมาไง เด็กๆอย่าเอาเป็นเยี่ยงอย่างนะจ๊ะ ช่วงนี้ลานเบียร์กำลังอู้ฟู่ เปิดกันเป็นดอกเห็ด อากาศก็เป็นใจเหลือเกินให้ตายสิ
แล้วพอสึมๆได้ที่ ร้านเค้าก็จะเตะเราออก ถูกมะ
พอร้านเตะเราออก เพื่อนๆก็จะครวญครางว่า โอยยยยพาไปหาอะไรร้อนๆกินหน่อยยยย ชายสี่ก็ได้
เออ ก็เลยเป็นที่มาของเมนูอาหารดึกๆเพื่อคนอยากสร่างเมา นอกจากบะหมี่ร้อนๆ ข้าวมันไก่ยอดฮิตแล้วนั้น ก็จะมีพวกร้านข้าวต้มและติ่วซำอะไรแบบนี้แหละที่อาแปะแกยังไม่นอน
วันนี้เราก็จะพาไปร้านสุดฮิต ที่ที่จริงแทบจะไม่ต้องรีวิว
แตไหนๆก็ไหนๆแล้ว เอาซักหน่อยละกันเนาะ ^^


---------เกี่ยวกับร้าน

โชคดีติ่มซำ เป็นแบรนด์ร้านติ่มซำที่ถ้าจะให้เปรียบก็เหมือนกับชายสี่ของบะหมี่นั่นเอง มีอยู่เยอะหลายที่ เออ อาจจะไม่เยอะขนาดชายสีีที่มีแทบทุกปากซอย แต่ก็มีเยอะพอที่จะนั่ง taxi จากสาขาหนึ่งไปอีกสาขาหนึ่งในราคาไม่เกิน 80 บาท  ชัวร์!! (เคยลองนะ จากลาดพร้าว มาอารีย์ ไปจุฬา ประสาทนิดนึง)
เมนูนอกจากติ่มซำแปดล้านอย่างแล้วก็จะมีพวกอะไรที่พึงจะนึ่งได้ ทั้งแบบอร่อยในเข่ง และมาเป็นถ้วยๆร้อนๆ
สาขานี้เค้าเก๋ตรงที่มีซุ้มกาแฟด้วยนะเออ!
ร้านเค้าเปิด 24 ชั่วโมง ที่จอดรถก็เยอะแยะครับตอนดึกๆ เพราะสองข้างถนนโล่งมาก 
มา BTS ก็สะดวกครับ เดินมาจากสะพานไม่ใกลก็ถึงร้านแล้ว ^^


----------อาหารๆๆ

จะบอกว่าร้านนี้เก๋ก็พูดไม่ได้ เพราะเมนูมันก็เหมือนโชคดีทุกสาขาแหละ
แต่จะบอกว่าจริงๆเค้าเ้ปิด 24 โมง และมีอาหารเช้าน่าทานด้วยนะ เช่นหมั่นโถวทอด และไข่กะทะ
รสชาติก็ใช้ได้ แต่ไข่กะทะอาจจะแอบแข็งไปนิดนึง
ส่วนติ่มซำต่างๆคุณภาพก็เรื่อยๆครับ อาจจะไม่อร่อยนุ่มนึ่งสวยๆแบบตามโรงแรม แต่เทียบกับราคาก็พอถูๆไถๆได้เน้อ
ขอติตรงที่รุ้สึกว่าบางคร่ั้งนึ่งมาแบบไม่พอดีอะครับ ติ้มซำยังแข็งจับกันเป็นก้อนยังกะเนื้อร้าย 

ส่วนเครื่องดื่ม เก็กฮวย refill แนะนำครับ ถ้าหิวน้ำมากๆและอยากกรึ๊บอะไรที่มากกว่าน้ำเปล่า
แต่อย่าสั่งโอวัลตินเย็นนะครับ รสชาติเหมือนเทผงทุลีโอวัลตินผสมกับน้ำทั้งทะเลสาป คือจืดมากกกกกกกกกกกกกกกกกกกกกกกกกกกก ดูดจนหมดนึกว่าตัวเองสั่งน้ำเปล่า!!


การบริการ---ดีครับ ยิ้มแย้ม รับออเดอร์ด้วยใบหน้าเต็มใจบริการ อิอิ
ร้านเหมาะสำหรับ----คนที่หิวไส้กิ่วกลางดึก และเหล่าสาวกนั่งเล่น-เดโม่-ลานเบียร์-ข้าวสาร-อตก หรืออะไรที่ทำให้สติคุณเบลอ และพร้อมจะทานอะไรร้อนๆกลางดึกตลอดเว
จุดเด่นของร้าน----เปิด 24 ชั่วโมง 
จุดด้อยของร้านล่ะ----ติ่มซำงั๊นๆ และหาเอกลักษณ์ยาก จากการที่ร้านเป็น franchise 
อยากมาอีกมั๊ย----ถ้าเมามาแถวนี้อีกก็คงแบกร่างล้นแอลกอฮอล์มาอีกครับ 555 เป็นที่พึ่งที่ดีจริงๆ มีห้องน้ำด้วย

:D",ต,ิ,่,ม,ซ,ำ,",",,2,4,,ช,ั,่,ว,โ,ม,ง,",",,ร,า,ได้ดีที่สุด,ได้คนละกล่อง,ร้านจะมีที่นั่งนะครับ เป็นโต๊ะเก้าอี้ แต่ไม่ค่อยมีคนนั่งซักเท่าไหร่ ก็สะดวกดีสำหรับการนัดพบกัน,positive,neutral,neutral,ค,า,,,,,,,,,,,,,,,,,
โดยส่วนตัวแล้วไปทานที่ร้านแบล๊กแคนยอนที่สาขารามอินทราค่อนข้างบ่อย เนื่องจากไม่ไกลจากที่ทำงาน มีอาหารจานเดียวและกาแฟบริการพร้อมเสร็จ แต่ติดที่รสชาติของอาหารและกาแฟแต่ละสาขาไม่คงที่และไม่แน่นอน หวานไปนิด จืดไปหน่อย แต่โดยรวมก็ถือว่ารสชาติใช้ได้ บรรยากาศคันทรี่สบายๆค่ะ ที่สั่งก็มี สเต็กหมูน้ำจิ้มแจ่ว(169 บาท) เป็นเมนูแนนำของร้าน จานนี้อร่อยดีค่ะแต่ต้องใช้เวลารอนานเป็นพิเศษ หมูจิ้มแจ่วทานคู่กับเส้นสปาเกตตี้ก็อร่อยไปอีกแบบ ผัดไทเกี้ยวกรอบกุ้งสด(90 บาท) ที่นี้ขึ้นชื่อเรื่องผัดไทแชมปโลกค่ะ เปลี่ยนมาเป็นแบบเกี้ยวกรอบก็อร่อยไปอีกแบบ ซีซาร์สลัดกับน้ำสลัดซิลลี่ไลม์ (95 บาท) ข้าวผัดอเมริกัน (120บาท) ก๋วยเตี๋ยวคั่วไก่ (95 บาท) และกาแฟไอซ์เฮเซลนัทแฟลปเป้ (95 บาท) ถ้าทุกสาขารักษามาตรฐานรสชาติได้เหมือนกันทุกสาขา  จะให้ไปเลยห้าดาวเต็มค่ะ,ร,ส,ช,า,ต,ิ,",",,บ,ร,ร,ย,า,ก,า,ศ,",",,อ,า,ห,า,น้องบอกว่าหวานไป ผมเห็นด้วยส่วนนึง เพราะแป้งนิ่มเวลากินก็จะทำให้รับรสหวานจากแป้งได้ง่ายกว่า,น้องบอกว่าหวานไป ผมเห็นด้วยส่วนนึง เพราะแป้งนิ่มเวลากินก็จะทำให้รับรสหวานจากแป้งได้ง่ายกว่า,น้องบอกว่าหวานไป ผมเห็นด้วยส่วนนึง เพราะแป้งนิ่มเวลากินก็จะทำให้รับรสหวานจากแป้งได้ง่ายกว่า,neutral,neutral,neutral,ร,จ,า,น,เ,ด,ี,ย,ว,,,,,,,,,,
"จอดรถริมถนนหน้าร้าน ไม่ต้องกังวลที่เหลือเฟือเพราะเป็นถนนซอย 

อาหารจานเด่นจะเป็นสปาเกตตี ลองมาหลายจานก็อร่อยทั้นั้น เส้น al dante พอดี รสเข้มข้น คาโบนารา ผัดพริกกระเทียม อร่อยหมด ข้าวจานเดียวก็ใช้ได้แต่ไม่เด่นเท่าเส้นราคาก็จะไม่ถึงร้อย แต่พาสต้าจะร้อยขึ้นไปจนสองร้อยกว่า ปีกไก่ทอดสั่งมากินแล้วห่อเหี่ยวมาก ก็แห้งอร่อยใช้ได้แต่จานนึงมีปีกกลางผ่าครึ่งอยู่ 5 ชิ้น! ขายจานละ 60 จานที่ใส่มาว่าเล็กแล้วยังดูโหรงเหรงเลย ขายแพงขึ้นแต่ปริมาณเหมาะกับหนึ่งจานจะดูดีกว่านี้ คราวหลังเจออย่างนี้จะถ่ายรูปเอาไว้

เค้กก็อร่อยดีแต่ค่อนข้างแพง ชี้นละเกือบร้อยถึงร้อยกว่าๆ ทีเด็ดอยู่ที่พวกเครปชอบมากกว่า เบาๆดี  เครปซอสส้ม เครปไส้กล้วยราดช็อก อร่อย

กาแฟเป็นส่วนที่น่าผิดหวัง เพราะขึ้นชื่อว่าร้านกาแฟแต่กาแฟไม่อร่อย ลาตเต้ร้อนไม่ร้อนเลยสงสัยสตีมนมไม่ได้ที่ ลาตเต้อาร์ตก็ออกมาน่าเกลียดขนาดไม่มียังดีกว่า ไม่ได้เข้าไปมองว่าใช้เครื่องยี่ห้ออะไร 

สถานที่เป็นบ้านที่ดัดแปลงเป็นร้าน จะคับแคบหน่อย มีไม่กี่โต๊ะ ตกแต่งบรรยากาศน่ารักดี แอร์ไม่เย็น ถ้าโต๊ะเต็มต้องไปนั่งโต๊ะเสริมอีกห้องนึงซึ่งโต๊ะ เก้าอี้ บรรยากาศแย่กว่ากันมากๆ

สรุปอาหารอร่อยแต่ราคาแพงยังกะอยู่ในห้าง ร้านอยู่ในซอยลึกราคาน่าจะเป็นมิตรกว่านี้ แต่ราคานี้คนก็เข้าร้านไม่ขาดสายอยู่แล้ว รถจอดหน้าร้านเต็มตลอด. ",ร,า,ค,า,",",,พ,า,ส,ต,้,า,",",,บ,ร,ร,ย,า,ก,า,ศ,หวานไป,น้องบอกว่าหวานไป ผมเห็นด้วยส่วนนึง เพราะแป้งนิ่มเวลากินก็จะทำให้รับรสหวานจากแป้งได้ง่ายกว่า,น้องบอกว่าหวานไป ผมเห็นด้วยส่วนนึง เพราะแป้งนิ่มเวลากินก็จะทำให้รับรสหวานจากแป้งได้ง่ายกว่า,neutral,neutral,neutral,,,,,,,,,,,,,,,,,,,
"ตั้งท่าจะไปกินมานานแล้ว พอดีเพื่อนฝรั่งที่เคยทำงานด้วยกัน กลับมาทำงานที่เมืองไทย เลยถือโอกาสพาไปกินที่นี่ซะเลย
วันนั้นไปเดินรอร้านเปิดกันด้วยนคะ เพราะร้านเค้าเปิดประมาณ 6 โมงเย็นอ่ะ แต่พวกเรามาเร็วไป เลยต้องไปกินโกโก้กันที่ร้านกาแฟแถวนั้นก่อน 

ที่กินกันวันนั้น จัดว่าปริมาณเยอะสำหรับคน 3 คนนะ ไม่รู้ว่ากินกันหมดไปได้ไง ตอนที่สั่งก็หิวอ่ะ พออาหารมาแล้วก็ โอ้ !!! เยอะแฮะแต่อร่อยทุกอย่างเลยนะ 

ที่สั่งวันนั้นก็มี ดังนี้ (ราคาจะโดยประมาณนะคะ เพราะจำไมได้ ลืมจดมา เวลาหิวๆ จะลืมสิ้นทุกสิ่งอย่าง)
พิซซ่าหน้าพาร์มาแฮมกับมาสคาโปเนชีส ตัวพาร์มาแฮมชิ้นอาจจะไม่ใหญ่นัก แต่ว่าหนาอยู่นะคะ ส่วนมาสคาโปเนชีสนี่ วางมาเต็มแผ่นพิซซ่าเลย หอมมันยืดเหนียว อร่อยสุดๆ มันเป็นพิซซ่าที่แป้งเหนียวนุ่ม ท๊อปปิ้งเองก็เหนียวนุ่มและรสชาติเข้มข้นแบบฝรั่งๆ จานนี้ประทับใจนะ ถ้าใครชอบกินพิซซ่าหน้านี้ ขอแนะนำให้สั่งมากินค่ะ ราคาประมาณ 280 บาท

ต่อมาเป็นคาลามารี ที่การจัดวางเก๋มาก เพราะเสิร์ฟมาในถังใบเล็กๆ น่ารักดี ตัวแป้งจะเป็นแบบบางๆ ไม่ได้หนามาก เราว่าเค้าน่าจะผสมแป้งแบบน้ำน้อยอ่ะ เลยไม่ได้มาแนวแบบแป้งหนาเป็นเทมปุระ รสชาติก็เค็มๆ มันๆ ดีค่ะ เอาไปจิ้มซอสที่เปรี้ยวๆ แล้วจะเข้ากันได้ดีเลย จานนี้ราคา 150-180 บาทนะ

อีกจานอันนี้เราสั่ง เป็นซัลมอนอะไรสักอย่างนะ จำชื่อเมนูไม่ได้ อารมณ์ประมาณแซลมอนดิบ วางมาบนน้ำยำที่มีเบสเป็นน้ำพริกเผาอ่ะค่ะ จะหอมตะไคร้มากๆ ตัวน้ำยำรสชาติจะออกหวานนำนะคะ ตามด้วยเค็มและเผ็ดนิดๆ เนื้อซัลมอนก้สดนะ นุ่มเนียน ไม่คาว อร่อยแปลกแหวกแนวดีค่ะ เพราะยังไม่เคยกินแบบนี้ที่ไหนเหมือนกัน ราคาประมาณ 230 -250 บาท

จานสุดท้ายนี้เพื่อนสั่ง เป็นซูชิโรลชุบแป้งทอด ข้างในซูชิโรลมีอะไรบ้างก็จำไม่ได้ละ รู้แต่ว่ามีอะโวคาโดนะคะ อร่อยดีค่ะ กรอบนอกนุ่มใน แต่เวลากินต้องระวังความร้อนที่ยังระอุอยู่ในตัวข้าวนิดนึงนะ ไม่งั้นจะปากพองเอาได้ ราคาก็น่าจะประมาณ 180 -250 บาทนะ

ส่วนเครื่องดื่ม เราสั่งชาวานิลลาเย็นไป ได้มาเป็นชาร้อนหนึ่งกา แล้วก็ขอน้ำแข็งเค้ามาหนึ่งโถเล็ก ส่วนเพื่อนฝรั่งสั่งเหล้า ชื่อว่าอะไรแบงค็อกๆ สักอย่างนี่แหละ เราแอบชิมไป มันเป็นแม่โขงผสมกับมะนาวและตะไคร้อ่ะค่ะ หอมๆ เปรี้ยวๆ ขมๆ ดีเหมือนกินน้ำต้มยำที่ไม่ใส่พริกนะ

มื้อนั้นหมดไปพันห้าค่ะ หารกันแล้วก็ตกคนละประมาณ 500 กว่าบาท จัดว่าแพงเอาการเลยทีเดียว

แนะนำว่าถ้าใครจะไป ให้โทรไปจองที่ก่อนนะคะ ไม่งั้นเดี๋ยวไม่มีที่นั่งดีๆ เพราะทุกคนเค้าโทรมาจองที่กันก่อนทั้งนั้น เรากับเพื่อนไม่ได้จอง เลยต้องไปนั่งตรงห้องด้านหลัง ที่เหมือนอยู่ในชั้นใต้ดินแทน เลยอดเห็นวิวสวยๆ ด้านหน้าร้านเลย อยากนั่งตรงบาร์ด้านที่มันติดกับกระจกร้านด้านหน้าอ่ะ แล้วตอนเราออกมา ก็เห็นมีฝรั่งนั่งอยู่บนขั้นบันไดหน้าตึกหลังแรกของร้าน โดยมีตั่งเล็กๆ วางเครื่องดื่มและอาหารเบาๆ อยู่ข้างหน้า ไม่รู้ว่ามันเป็นที่เสริมพิเศษ หรือเค้าจัดไว้ให้สำหรับคนที่มานั่งรอที่นั่งด้านในว่างก็ไม่รู้สิ
",พ,ิ,ซ,ซ,่,า,",",,ค,า,ล,า,ม,า,ร,ี,",",,ซ,ั,ล,ม,น้องบอกว่าหวานไป ผมเห็นด้วยส่วนนึง เพราะแป้งนิ่มเวลากินก็จะทำให้รับรสหวานจากแป้งได้ง่ายกว่า,วาซาบิอันตั้งอยู่ที่ต้นซอยทองหล่อฝั่งสุขุมวิท ตรงทางเข้า Grand Tower จอดรถได้ในลานจอดของ Grand Tower แล้วนำบัตรมาประทับตราที่ร้าน,วาซาบิอันตั้งอยู่ที่ต้นซอยทองหล่อฝั่งสุขุมวิท ตรงทางเข้า Grand Tower จอดรถได้ในลานจอดของ Grand Tower แล้วนำบัตรมาประทับตราที่ร้าน,neutral,neutral,neutral,อ,น,,,,,,,,,,,,,,,,,
"ร้านนี้เป็นหนึ่งในความตั้งใจว่า อยากจะทำเรื่องกินตามแนวรถไฟฟ้าอ่ะค่ะ เพราะว่าแพร์ทำบล็อกของกินอยู่บล็อกนึง แล้วก็ชอบเซ็ทเป็นซีรีส์ๆ ด้วย แต่ก็ไม่ได้ฤกษ์ทำซะที เพราะยังหาได้ไม่กี่ร้านเอง

Little Big นี่จะอยู่ใกล้ๆ กับสถานีรถไฟฟ้าอ่อนนุชนะคะ ให้ลงฝั่งคอนโด Ideo Verve นะคะ (ฝั่งตรงข้ามกับห้างโลตัส) ออกทางประตูที่มีธนาคาร UOB เป็นช่องเล็กๆ อยู่อ่ะ ลงมาแล้วก็เดินย้อนขึ้นไปทางซอยอ่อนนุช เห็นวิเศษนิยม ก็จะเห็น Little Big ค่ะ เพราะอยู่ติดกัน เจ้าของตึกเดียวกันเลย

ร้านนี้บ่ายๆ คนจะน้อย แต่พอเริ่มตกเย็นไปจนถึงค่ำๆ คนจะเต็มร้านเลย บ้างก็มาซื้อกลับบ้าน ที่ร้านนี้คนแน่น ไม่ได้เป็นเพราะว่าอาหารของเค้ามันวิลิศมาหราอะไรหรอกนะคะ เพราะส่วนใหญ่จะเป็นเมนูอาหารพื้นๆ ที่หากินได้ทั่วไปนั่นแหละ แต่ว่ามันก็อร่อยในระดับหนึ่ง และราคาไม่แพงเลย แค่ 70 -150 บาทเท่านั้น แต่อยู่ในบรรยากาศร้านที่น่ารัก และนั่งสบาย นั่งกินไป มองคนที่เดินกันวุ่นวายแน่นขนัดอยู่บนถนน แล้วแอบคิดว่า เรานั่งสบายไปสักพักดีกว่า ขี้เกียจออกไปแออัดกับฝูงคนตอนชั่วโมงเลิกงงาน ร้านี้ก็เลยเหมาะให้คนทำงานมาอาศัยฝากท้องหลังเลิกงงานค่ะ ก็เลยขายดี คนแน่น

เวลาเราไป เราจะชอบสั่งอยู่ 2 – 3 อย่างนี้นะคะ เพราะว่าอร่อยดี

ผัดสะตอกุ้ง-หมูสับ ราคาประมาณ 70 - 80 บาท – จานนี้เราสั่งกินทุกครั้งที่ไปเลยค่ะ สะตอเขียวๆ สดๆ น้ำขลุกขลิก กับหมูสับและกุ้งสับที่มีน้ำผัดแทรกซึมอยู่ กินกับข้าวสวยร้อนๆ อร่อยนัก รสชาติมันจะออกเค็มๆ หวานๆ นะคะ ความเผ็ดรีเควสท์ได้ค่ะ จะเอาเผ็ดมาก เผ็ดน้อย บอกเค้าได้ (ผัดสะตะของคนใต้ที่เรากินที่ภูเก็ตก็อร่อยไปคนละแบบกับผัดสะตอของคนกรุงเทพฯ นะ พูดแล้วอยากกิน)

ข้าวผัดปลาสลิด – จานนี้เค้าทำมารสชาติกลางๆ นะคะ ต้องเติมน้ำปลาพริกและบีบมะนาวกันหน่อย แต่ว่าให้มาเยอะมาก แล้วปลาสลิดก็เยอะดี ใส่ผักมาเพียบ ออกแนวข้าวผัดอาแปะแถวบ้านแหละ 

ข้าวผัดกุ้งชุบแป้งทอด – อันนี้จำไม่ค่อยได้แล้วว่าในข้าวผัดมีอะไรบ้าง แต่เบสของข้าวผัดร้านนี้ไม่ค่อยแตกต่างกันนักหรอกค่ะ ก็มีพวกคะน้า แครอตหั่นเต๋า หอมใหญ่ แล้วก็ใส่ไข่ลงไปด้วย แต่จานนี้เค้าจะเสิร์ฟมาพร้อมกับกุ้งชุบแป้งทอดด้วย กุ้งจะตัวอวบๆ หน่อย ทอดมาร้อนๆ ราดน้ำปลาพริกลงไปนะ ตักเข้าปากพร้อมข้าวผัด ....เฮือกกกก อร่อยอ่ะ

ชาแอปเปิ้ล – อันนี้พอเราสั่งแล้ว เค้าจะไปเอามาให้จากฝั่งที่เป็นร้านเบเกอรรี่นะคะ อยู่ในร้านเดียวกันแหละ แต่เค้าจะแยกโซนไว้ โซนเบเกอรี่จะขายพวกเค้ก ไอศกรีม ชา กาแฟ โกโก้ ออกแนวอินเตอร์นิดนึง เคยกินชาเค้าหลายครั้งแล้ว หอมดี ขอเติมน้ำได้ ขอเติมน้ำแข็งได้ แต่โกโก้ที่เคยกินเมื่อนานมาแล้ว ไม่ค่อยชอบเท่าไหร่ เพราะแทนที่เค้าจะโปะวิปปิ้ลครีมบนโกโก้ เค้ากลับโปะไอศกรีมวานิลลาแทนค่ะ เราว่ามันไม่ค่อยเข้ากันอ่ะ ไอศกรีมเนื้อมันหนักเกินไป 

อาหารจานเดียวราคาจะอยู่ที่ 70 - 150 บาท นะคะ แล้วก็มีพวกผัดมะกะโรนี สปาเก็ตตีแบบง่ายๆ นอกนั้นก็มีพวกกับข้าวเป็นจานๆ ราคาก็ประมาณเดียวกันกับอาหารจานเดียวค่ะ ส่วนพวกเค้กก็ราคาไม่แพงมาก อยู่ที่ 70 -100 นะคะ ราคาไม่แน่ชัด แต่ไม่เกินจากนี้หรอกค่ะ

นอกจากขายอาหารและเบเกอรี่ในร้านแล้ว ด้านหน้าร้าน ยังมีพวกขนมไทยๆ และพวกผลไม้ยำๆ ทรงเครื่องๆ อย่างพวกกะท้อนทรงเครื่องขายด้วย ตั้งเป็นโต๊ะกันเลย เรียกว่าขายทุกอย่าง


ร้านนี้ไม่ได้อร่อยเทพนะคะ ต้องบอกไว้ก่อน เหมาะกับคนที่ไม่มีเวลาทำอาหารกินเอง อาศัยมาฝากท้อง และด้วยราคาที่ไม่แพงจนเกินไป ก็สามารถกินได้บ่อยๆ ค่ะ เพราะตัวร้านก็น่านั่งด้วย ผ่านไปแถวนั้น แล้วหิวๆ ไม่ต้องไปแย่งที่นั่งกับคนในฟาสต์ฟู๊ด หรือในฟู๊ดคอร์ทที่โลตัสหรอกค่ะ ลองแวะที่ Little Big ดูก็ได้ เราไปบ่อยมาก เพราะบ้านอยู่แถวนั้นค่ะ

",บ,ร,ร,ย,า,ก,า,ศ,",",,ร,า,ค,า,",",,ข,้,า,ว,ผ,ั,ร้านวาซาบิอันตั้งอยู่ที่ต้นซอยทองหล่อฝั่งสุขุมวิท ตรงทางเข้า Grand Tower จอดรถได้ในลานจอดของ Grand Tower แล้วนำบัตรมาประทับตราที่ร้าน,วาซาบิอันตั้งอยู่ที่ต้นซอยทองหล่อฝั่งสุขุมวิท ตรงทางเข้า Grand Tower จอดรถได้ในลานจอดของ Grand Tower แล้วนำบัตรมาประทับตราที่ร้าน,วาซาบิอันตั้งอยู่ที่ต้นซอยทองหล่อฝั่งสุขุมวิท ตรงทางเข้า Grand Tower จอดรถได้ในลานจอดของ Grand Tower แล้วนำบัตรมาประทับตราที่ร้าน,neutral,neutral,neutral,ด,,,,,,,,,,,,,,,,,,
"

------------เกริ่นๆๆ 

ทริปลงใต้ครั้งนี้ ได้รับอุปการะจากคุณแม่แสนน่ารัก ในการอัดฉีดอาหารเข้าปากและท้องพลุ้ยๆของลูกคนนี้เป็นอย่างดี แวะแทบทุกร้าน ระหว่างทาง ตั้งแต่โจ๊ก หมูปิ้ง ปลาหมึกสด ยันโกโก้เย็น ซึ่งก็ดีเหมือนกัน ลูกชายจะได้เอาร้านมา review ให้เกิดประโยชน์แก่ผู้อ่าน 5555 


-----------เกี่ยวกับร้านๆๆ 

ปล. จะบอกก่อนว่า ระหว่างทางเขาหลัก-ภูเก็ต จริงๆมีร้านกาแฟเท่ๆอยู่พอประมาณเลยทีเดียว ใครที่ชอบหาร้านแวะน่าจะไม่เหงาปาก 

ร้านนี้ชื่อ กาแฟ เดอ การ์เด้น มีชื่อภาษาอังกฤษด้วยนะเอ้อ แปลตรงๆไปเลย คือ coffee de garden 
จริงๆรุปแบบประโยคดูเรียงแปลกๆยังไงพิกล ถ้าเป็นฝรั่งเศสมันเหมือนจะแปลได้ว่า กาแฟ แห่ง สวน จริงๆมันอาจจะ..น่าจะเป็น สวนแห่งกาแฟนะ แต่ก็ไม่แน่ เจ้าของร้านอาจจะนึกเปรี้ยว 

ร้านนี้สถานที่ตั่้งไม่รู้จะเขียนว่ายังไงดีเหมือนกัน คือร้านเค้าจะอยู่ระหว่างทางพังงา ภูเก็ต คือก่อนข้ามสะพานเข้าเกาะภูเก็ตน่ะครับ อยู่ริมถนนเลย เป็นร้านร่มรื่นๆบรรยากาศแลดูสบายๆมองจากถนน ที่จอดแยะเยอะหน้าร้าน และขนาดค่อนข้างใหญ่ทีเดียว 

ค้นพบมาว่า (จากคนในพื้นที่) แขกบ้านแขกเมืองหลายคนที่อยากแวะทานกาแฟชิวๆเค้าชอบมาแวะร้านนี้นะ แสดงว่าค่อนข้างดังเลยทีเดียว แต่เท่าที่ลอง search หา article ใน google ก็ยังไม่เจอใครรีวิวแฮฺะ โอมลองเอาซะหน่อย! 


----------อาหารๆๆๆ 

อาหารที่นี่.. ตัวร้านที่นี่เค้าแบ่งออกเป็น 2 zone 
มี zone coffee and bakery แล้วก็ zone อาหารนะครับ 
มาวันนี้โอมแวะส่วนของ coffee เพราะพี่สาวอยากกินขนมหวานๆ โอมก็ไงก็ได้ กินทุกอย่างในสากลโลก 
ส่วนอาหารนั้นจะเป็นอาคารชั้นเดียวแยกออกไปข้างๆสวนครับ ส่วนขนมหวานจะตั้งอยู่ด้านหน้าติดถนนเลย 
ส่วน bakery ที่ว่านี้เราสามารถสั่งอาหารบางอย่างจากส่วนอาหารมาทานได้ด้วยนะ ซึ่งทางพวกผมก็สั่งข้าวต้มมาทานเป็นอาหารเช้ากัน 

ข้าวต้มกุ้ง - ถ้วยใหญ่ทีเดียว กินแทบไม่หมด (หมายถึงแม่นะ ส่วนผมเหรอจะเหลือ หึหึหึ) ให้กุ้งมาพอประมาณ อร่อยดีครับ ให้ผ่าน 

ข้าวผัดแฮม - อันนี้มาแบบปุ๊กลุีกๆ ก็อร่อยดีครับ เครื่องให้มาเยอะดี ไม่หวงแฮมและผักเล็กๆน้อยๆ กินแล้วรู้สึกถึงสสารในปาก 

โกโก้ frappe - อร่อยดี ไม่เข้มมาก แต่ก็หอมนวลๆกำลังดี แต่ก็ไม่ได้เด่นอะไรขนาดจะต้องชม 

สั่งขนม bakery ต่างๆมาเยอะพอสมควร ไม่ค่อยได้ถ่ายรุปนะครับ แต่จะบอกว่ารสชาติใช้ได้เลยทีเดียว ที่จำได้ก็ brownie ของที่นี่เป็นกล่องน่ารักๆ 4 ชิ้น รสชาติก็เข้มดีครับ ไม่ fudge นะ ออกแนวแห้งๆ ถ้าใครชอบก็ลองได้เลย ไม่แพงด้วย 

ราคาอาหารอยู่ที่ประมาณจานละ 80 - 120 บาทครับ กลางๆ 

การบริการ---ปกติครับ ส่วนมากบริการตนเองมากกว่า เพราะจะหยิบขนมไปจ่าย จะสั่งที่โต๊ะก็พวกอาหารอะครับ 
ร้านเหมาะสำหรับ----นักท่องเที่ยวที่หาร้านแวะระหว่างทางไปภูเก็ต 
จุดเด่นของร้าน----บรรยากาศร่มรืนดีครับ ขนมเยอะด้วย 
จุดด้อยของร้านล่ะ----รสชาติยังไม่โดนตับไตไส้พุงเท่าไหร่ งั๊นๆเรื่อยๆ 
อยากมาอีกมั๊ย----ถ้าแวะผ่านอีกก็น่าลงมาหาอะไรกินเพลินๆครับ 

:D 
",ก,า,แ,ฟ,",",,บ,ร,ร,ย,า,ก,า,ศ,",",,ร,า,ค,า,,,วาซาบิอันตั้งอยู่ที่ต้นซอยทองหล่อฝั่งสุขุมวิท ตรงทางเข้า Grand Tower จอดรถได้ในลานจอดของ Grand Tower แล้วนำบัตรมาประทับตราที่ร้าน,วาซาบิอันตั้งอยู่ที่ต้นซอยทองหล่อฝั่งสุขุมวิท ตรงทางเข้า Grand Tower จอดรถได้ในลานจอดของ Grand Tower แล้วนำบัตรมาประทับตราที่ร้านค่ะ,ราคาในเมนูคือราคาที่เน็ตแล้ว ไม่มี VAT หรือ Service charge มาบวกเพิ่มให้กวนใจ,neutral,neutral,neutral,,,,,,,,,,,,,,,,,,,
"ร้านตำนานป่าเป็นร้านอาหารชื่อดังของจังหวัดระยอง  ร้านนี้เป็นร้านใหญ่ มีที่จอดรถสะดวกสบาย ปลูกต้นไม้เต็มไปหมด ร่มรื่น เดินเข้าไปในร้านแล้วเย็นสบาย เหมือนเดินทัศนศึกษาในป่าเลยค่ะ ส่วนร้านอาหารเป็นเหมือนบ้านที่มีต้นไม้น้อยใหญ่ขึ้นเต็มไปหมด ห้องน้ำที่นี้ให้ความรู้สึกเหมือนอยู่ในถ้าสวยและสะอาดมากค่ะ ห้องน้ำที่นี้เคยได้รับรางวัลห้องน้ำสะอาดยอดเยี่ยมมาแล้วค่ะ  อาหารก็เร็วและรสชาติดีค่ะ ที่สั่งมี ข้าวผัดปูจานเล็ก แกงส้มไข่ปลาเรียวเซียว ไข่ปลาสดและใหญ่ ดึ๋งดั๋งมาก น้ำแกงส้มก็เข้มข้นดีค่ะ และหมูยูนาน เป็นหมูสามชั้นฝานมาบางๆ หมักมาจนนุ่ม ทานคู่กับผักกาดดองและน้ำจิ้มแซบๆๆ อร่อยใช้ได้เลยค่ะ สามอย่างจ่ายไปประมาณ 700 บาท และลองสั่งกาแฟสดของทางร้านที่ทำเป็น coffee shop แยกออกมาด้านหน้าหนึ่งแก้ว เป็น อเมริกาโน่เย็น (50 บาท) กาแฟเฉยๆค่ะ ออกจะหวานมากไปหน่อย 

ใครที่ชอบธรรมชาติ ชอบต้นไม้ ต้องมาเยือนร้านนี้สักครั้ง  อาหารอร่อย บรรยากาศร่มรื่น ตกแต่งแบบอิงธรรมชาติ ห้องน้ำสะอาดสะอ้าน และจอดรถสะดวกมากค่ะ",บ,ร,ร,ย,า,ก,า,ศ,",",,อ,า,ห,า,ร,",",,ท,ี,่,จ,อ,ปลาที่ยกมาเสิร์ฟก็คุ้มค่าแล้วค่ะ เพราะร้านอื่นๆ รูปปลาในเมนูมักจะดูชิ้นใหญ่กว่าที่เสิร์ฟ แต่ร้านนี้ปลาที่ได้ชิ้นใหญ่กว่าที่เห็นในเมนูมาก ขนาดเท่าฝ่ามือเลยค่ะ,"ร้านนี้ดิชั้นยกให้เป็น ""Best value Japanese set lunch in Thonglor""",วาซาบิอันตั้งอยู่ที่ต้นซอยทองหล่อฝั่งสุขุมวิท ตรงทางเข้า Grand Tower จอดรถได้ในลานจอดของ Grand Tower แล้วนำบัตรมาประทับตราที่ร้าน,positive,positive,neutral,ด,ร,ถ,,,,,,,,,,,,,,,,
"รีวิวในครั้งนี้ไม่ใช่สเต็กในร้าน steak lao นะครับ....แต่ผมขอพูดถึงขนมที่ขายอยู่ในร้านนั่นก็คือ 
barbe papa(บาร์บี้ปาป้า้) เป็นเหมือนขนมสายไหมกลมๆเล็กๆสีสวยน่าทานครับ...
กระปุกละ 50 บาทมีข้างในอยู่ประมาณ 10 ลูกได้...รสชาดจะมีอยู่หลายรสแล้วแต่สีครับ
แต่พอผมชิมแล้วผิดหวังมาก..มันมีแค่รสหวานครับ(ไม่อร่อยเลยแถมยังพาลหิวน้ำอีก)(ไม่ต่างกับคุณไปทานน้ำตาลก้อนที่ใส่กับกาแฟแล้วอมช็อคโกแลตหรือรสชาดที่คุณต้องการตามลงไปยังอร่อยซะกว่าครับผมว่า)

แต่แพคเกจสวยครับอันนี้ยอมรับซึ่งก็ดูเก๋ไก๋มีสไตล์ครับถ้าจะถือเดินแต่รสชาดผมขอบายครับ...ไม่ปลื้มจริงๆ

Just Eat It!!!

",ข,น,ม,ส,า,ย,ไ,ห,ม,",",,ร,ส,ช,า,ต,ิ,",",,บ,ร,ร,ร้านวาซาบิอันตั้งอยู่ที่ต้นซอยทองหล่อฝั่งสุขุมวิท ตรงทางเข้า Grand Tower จอดรถได้ในลานจอดของ Grand Tower แล้วนำบัตรมาประทับตราที่ร้าน,วาซาบิอันตั้งอยู่ที่ต้นซอยทองหล่อฝั่งสุขุมวิท ตรงทางเข้า Grand Tower จอดรถได้ในลานจอดของ Grand Tower แล้วนำบัตรมาประทับตราที่ร้าน,วาซาบิอันตั้งอยู่ที่ต้นซอยทองหล่อฝั่งสุขุมวิท ตรงทางเข้า Grand Tower จอดรถได้ในลานจอดของ Grand Tower แล้วนำบัตรมาประทับตราที่ร้าน,neutral,neutral,neutral,ย,า,ก,า,ศ,,,,,,,,,,,,,,
"ร้านอเมซอนร้านนี้ ตั้งอยู่ภายในปั้ม ปตท.(แต่เดิมเป็นปั้ม Jet)

สถานที่ตั้งร้านแต่เดิมเป็นร้านบ้านไร่กาแฟ ซึ่งตอนนั้นผมเองก็นั้งทานบ่อยครับ อาจจะชอบความเข้มข้นของกาแฟ แต่เสียดายวันนี้บ้านไร่กาแฟ หาทานยาก ถ้าเทียบราคาแล้วอาจจะถือว่าแพง ที่ผมเคยทานกาแฟปักษ์ใต้ แก้วละ ๘๐ บาท แต่ถ้าเทียบกับรสชาติที่เข้ม หวาน มัน ตามสไตร์ทที่ผมชอบดื่ม สำหรับผมถือว่าไม่แพง แต่เสียดายกับแฟรนด์ไซด์ไทยๆ ที่ไม่สามารถสู้แฟรนด์ไซด์ยักษ์ใหญ่ที่มีธุรกิจเกื้อหนุนกันอยู่ แลพผูกขาดกันเป็นกลุ่มก้อน และมีหุ้นรวมตัวกันเองเป็นกลุ่มก้อน

กาแฟอเมซอนที่นี้ รสชาติคงเส้นคงวา การบริการก็คงเส้นคงวา เจ้าของที่ซื้อแฟรนด์ไซด์มาก็ยังอยู่ในวัยหนุ่มสาว แต่เข้าใจในงานบริการได้ดีครับ

จริงๆ กาแฟอเมซอนใกล้บ้านที่อยู่ภายในปั้ม ปตท. มีครับ ห่างจากบ้านไม่เกิน ๒๐๐ เมตร แต่บริการแย่มากๆ พูดจาก็...ไม่อยากใช้คำหยาบเลยจริงๆ แต่ถ้า้ป็นพนักงานผู้ชายผมคงต่อยหน้าแหกไปแล้ว 

ผมมาให้บริการที่นี้ห่างจากบ้านร่วม ๒ โล และต้องขับรถมา ในขณะอีกที่ผมปั่นจักรยานมาก็ได้

สำหรับที่นี้ต้องมาซ้ำ มาบ่อย

สำหรับท่านที่เดินทางผ่านมาทางนี้ อยากดื่มกาแฟก็แนะนำที่นี้ครับ เติมน้ำมัน เข้าห้องน้ำ แวะซื้อติดรถ หรือนั้งดื่มก็โอเคนะครับ. ",ก,า,แ,ฟ,",",,ร,า,ค,า,",",,บ,ร,ิ,ก,า,ร,,,,,วาซาบิอันตั้งอยู่ที่ต้นซอยทองหล่อฝั่งสุขุมวิท ตรงทางเข้า Grand Tower จอดรถได้ในลานจอดของ Grand Tower แล้วนำบัตรมาประทับตราที่ร้าน,วาซาบิอันตั้งอยู่ที่ต้นซอยทองหล่อฝั่งสุขุมวิท ตรงทางเข้า Grand Tower จอดรถได้ในลานจอดของ Grand Tower แล้วนำบัตรมาประทับตราที่ร้านค่ะ,ราคาในเมนูคือราคาที่เน็ตแล้ว ไม่มี VAT หรือ Service charge มาบวกเพิ่มให้กวนใจ,neutral,neutral,neutral,,,,,,,,,,,,,,,,,,,
วันนี้ดิช้ันมาทบนอาหารเวลา5 โมงเย็น ที่ร้านแม่ศรีเรือนในโฮมโปร มีแขกไม่ถึง5 โต๊ะแต่พนักงานบริการแย่มาก ไม่เอาเมนูมาให้ ยืนคุยกัน แย่มากถึงมากที่สุด ดิชั้นส่ังกาแฟ พนักงานกระแทกโต๊ะมาให้ ดิชั้นยังโอเค ดิชั้นหันไปขอที่รองแก้ว แต่ดูสิ่งที่เขามาให้ดิชั้นสิคะ จานเปล่าใบนึงแล้วบอกว่าอันนี้คือที่รองแก้ว? แย่มากคะ จะไม่มาใช้บริการอีกอย่างแน่นอนคะ,บ,ร,ิ,ก,า,ร,",",,พ,น,ั,ก,ง,า,น,",",,จ,า,น,เ,ป,วาซาบิอันตั้งอยู่ที่ต้นซอยทองหล่อฝั่งสุขุมวิท ตรงทางเข้า Grand Tower จอดรถได้ในลานจอดของ Grand Tower แล้วนำบัตรมาประทับตราที่ร้าน,ร้านวาซาบิอันตั้งอยู่ที่ต้นซอยทองหล่อฝั่งสุขุมวิท ตรงทางเข้า Grand Tower จอดรถได้ในลานจอดของ Grand Tower แล้วนำบัตรมาประทับตราที่ร้าน,วาซาบิอันตั้งอยู่ที่ต้นซอยทองหล่อฝั่งสุขุมวิท ตรงทางเข้า Grand Tower จอดรถได้ในลานจอดของ Grand Tower แล้วนำบัตรมาประทับตราที่ร้าน,neutral,neutral,neutral,ล,่,า,,,,,,,,,,,,,,,,
"ตกกลางคืนผมก็อยากหาทานขนมปังและของหวานซักหน่อย....เมื่อขับรถไปทางศรีโสธรตัดใหม่ ผมก็ไปเจอะกับร้าน ขนมปังแม่หมีมีโลโก้ขนมปังหน้าตาจิ้มลิ้มดีแท้และเมื่อเข้าไปด้านในบรรยากาศภายในร้านก็ช่างดูอบอุ่นและดูช่างเหมาะกับคนรักหมีเหลือเกิน(เพราะตุ๊กตาหมีเต็มร้านเลยครับ)...แอร์ข้างในร้านก็เย็นสบายกำลังดีครับ

เจ้าของร้านก็ยิ้มและเป็นกันเองมากครับทำให้รู้สึกน่านั่งเข้าไปอีก....เมนูก็มีแต่ละวันไม่ซ้ำกันเลยครับ
มีทั้งเค้ก ทั้งขนมปัง ทั้งกาแฟ น้ำชา ซึ่งร้านนี้ผมได้ยินมาว่าเมนูชาจะอร่อยครับ.....ก็เลยขอลองซักหน่อย

ปังงาดอย --- ชาหอม อร่อยครับ..น้ำแข็งเป็นเกล็ดเล็กๆกำลังดีครับ....แต่งามันแข็งๆกรุบๆแปลกๆไปนิด...แต่อร่อยดีครับ

ปังชานม --- เหมือนมีซอสชาราดอยู่ครับ....เลยทำให้หวาน หอม อมๆในปากแล้วมันดีครับ...ขนมปังก็นุ่มกำลังดีครับ(อร่อยกว่าปังงาดอยนะครับ)

สรุปแล้วร้านนี้เป็นร้านที่ดีมากเลยครับ....ลูกสาวน่ารักอีกตะหาก(เฮ♥)......เป็นร้านที่เหมาะกับคู่รัก เพื่อน ครอบครัว
ทุกผู้คนทุกหมู่เหล่าฉะนั้นเป็นร้านที่ท่านได้แวะมาเที่ยวฉะเชิงเทราก็น่ามาลองนั่งชิวๆกันนะครับ^^

Just Eat It !!!
",บ,ร,ร,ย,า,ก,า,ศ,",",,ข,น,ม,ป,ั,ง,",",,ช,า,,,วาซาบิอันตั้งอยู่ที่ต้นซอยทองหล่อฝั่งสุขุมวิท ตรงทางเข้า Grand Tower จอดรถได้ในลานจอดของ Grand Tower แล้วนำบัตรมาประทับตราที่ร้าน,วาซาบิอันตั้งอยู่ที่ต้นซอยทองหล่อฝั่งสุขุมวิท ตรงทางเข้า Grand Tower จอดรถได้ในลานจอดของ Grand Tower แล้วนำบัตรมาประทับตราที่ร้าน,วาซาบิอันตั้งอยู่ที่ต้นซอยทองหล่อฝั่งสุขุมวิท ตรงทางเข้า Grand Tower จอดรถได้ในลานจอดของ Grand Tower แล้วนำบัตรมาประทับตราที่ร้าน,neutral,neutral,neutral,,,,,,,,,,,,,,,,,,,
"มีร้านชาบูเปิดใหม่ที่เซ็นทรัลปิ่นเกล้าค่ะ by ZEN
netที่295บาท แต่ช่วงนี้ลด10%เหลือ266บาทค่ะ

***ที่ตั้ง***
ชั้นบนสุดของเซ็นทรัลปิ่นเกล้า ใกล้ๆฟูจิและฮะจิบัง

***บรรยากาศ\บริการ***
บริการน่ารักค่ะ. ยิ้มแย้ม เอาใจใส่ดีมาก

ร้านสว่างสดใสมากๆ จานชามสีcolorfulสุดๆ อารมณ์ดีค่ะ สะอาดสะอ้าน การจัดร้านคล้ายร้านชาบูชื่อดังแห่งหนึ่ง มีจานวางเรียงๆบนลานหมุนเหมือนกัน ที่นั่งมีทั้งแบบโต๊ะและบาร์

***อาหาร***
ลักษณะคล้ายชาบูชื่อดังเลย แต่จะมีเมนูต่างกันเล็กน้อย ถ้าอาหารวนมาไม่ถึงก็รีเควสได้ทันทีและได้เร็วมาก ก็มีพวกเนื้อสัตว์ ผัก และเครื่องเคียงต่างๆแหละค่ะ เยอะดี

น้ำจิ้มมี3แบบ จิ้มงา (เป็นงาบดกับอะไรสักอย่าง ข้นๆหอมงาดี แนะนำค่ะ) จิ้มพอนสึ (เป็นโชยุที่เปรี้ยวๆ) จิ้มสุก่ี้ ก็สุกี้ทั่วไป อร่อยดี

น้ำซุปมีแบบน้ำใสกะชาบูเข้มข้น (โดยรวมชอบน้ำใส ชาบูรสแปลกๆเหมือนพะโล้หรือจับฉ่ายไรอย่างงั้น)

ของทอดมีเกี๊ยวซ่า ซาบะ ปลาไข่ เทมปุระ (คล้ายๆกัน) ที่ดีกว่าคือของทอดไม่ขาดไลน์เลย เติมทันใจตลอด :))

ซูชิหลากหลายมาก และดูไม่กาก แซลมอนชิ้นใหญ่สด มียำแซลมอนด้วย ซาบะดอง กุ้ง ทาโกะ มากิหลากหลายชนิดราดมายองเนสแบบเผ็ด อร่อยดีค่ะ

ของหวานมีหลากหลายดี มีเยลลีหลากหลายสีสัน ไอศครีมชาเขียว วนิลา ไมโล สตรอเบอรี อร่อยมากค่ะ ผลไม้ก็น่าทาน จัดเรียงสวย

เครื่องดื่มมีชาเขียว เกกฮวย องุ่น พั้นช์ โซดาต่างๆ ชากาแฟ

โดยรวมชอบที่นี่มากกว่าชาบูอีกร้าน
ในราคาที่พอกันแต่ร้านน่านั่งกว่ามากๆ ไม่อึมครึม สดใส บริการดี รวดเร็ว อาหารไม่ขาดไลน์ ชอบตรงนี้มากๆค่ะ ไม่รู้ว่าตอนนี้เปิดสาขาที่ไหนแล้วบ้าง อยากทานอีกจัง<3",ช,า,บ,ู,",",,ร,า,ค,า,",",,บ,ร,ร,ย,า,ก,า,ศ,,,ร้านวาซาบิอันตั้งอยู่ที่ต้นซอยทองหล่อฝั่งสุขุมวิท ตรงทางเข้า Grand Tower จอดรถได้ในลานจอดของ Grand Tower แล้วนำบัตรมาประทับตราที่ร้าน,วาซาบิอันตั้งอยู่ที่ต้นซอยทองหล่อฝั่งสุขุมวิท ตรงทางเข้า Grand Tower จอดรถได้ในลานจอดของ Grand Tower แล้วนำบัตรมาประทับตราที่ร้าน,ปลาที่ยกมาเสิร์ฟก็คุ้มค่าแล้วค่ะ เพราะร้านอื่นๆ รูปปลาในเมนูมักจะดูชิ้นใหญ่กว่าที่เสิร์ฟ แต่ร้านนี้ปลาที่ได้ชิ้นใหญ่กว่าที่เห็นในเมนูมาก ขนาดเท่าฝ่ามือเลยค่ะ,neutral,neutral,positive,,,,,,,,,,,,,,,,,,,
"     พอดีแวะมาจากโรงพยาบาลสงฆ์ นึกขึ้นได้ว่าอยากลองมานานเลยต้องไปแวะซะหน่อย
  การเดินทางก็เข้ามาท่ีโรงพยาบาลพระมงกุฎ แล้วจะมีป้ายบอกทางไปวังพญาไท น่ันแหละครับ
บรรยากาศ ยังคงความเก่าไว้มาก น่ังชิลๆ
เมนูก็จะมีเปล่ียนไปทุกวัน ผมส่ัง ลาเต้เย็น ก็ใช้ได้ แต่ก็ไม่เท่ากับ ร้านท่ีเป็นร้านกาแฟ แบรนด์เนม
ส่วนอาหารผมส่ัง สันนอกหมู ซ่ึงเป็นแฮมรมควัน กับมันบด แต่มันบดไม่ผ่านเพราะเนื้อไม่แน่น 
แนะนำมาชมความสวยงามของวังของเจ้าสมัยก่อนครับ",โ,ร,ง,พ,ย,า,บ,า,ล,",",,บ,ร,ร,ย,า,ก,า,ศ,",",,อ,"ร้านนี้ดิชั้นยกให้เป็น ""Best value Japanese set lunch in Thonglor""",วาซาบิอันตั้งอยู่ที่ต้นซอยทองหล่อฝั่งสุขุมวิท ตรงทางเข้า Grand Tower จอดรถได้ในลานจอดของ Grand Tower แล้วนำบัตรมาประทับตราที่ร้าน,แป้งจะนุ่ม น้ำตาลจะกรอบและไม่หวานเกินไป,positive,neutral,positive,า,ห,า,ร,,,,,,,,,,,,,,,
"ถ้าอยากกินข้าวห่อไข่จะนึกถึงร้านนี้เป็นร้านแรก
มีเมนูให้เลือกหลากหลายว่าจะเอาข้าวห่อไข่หน้าอะไร ถ้าเอาไข่ลาวาก็จะต้องเพิ่มเงิน 30 บาทถ้าจำไม่ผิดนะ ถ้าอยากได้เซทน้ำก็เพิ่ม50บาท จะมีให้เลือกระหว่างสลัดกับซุป ไปลองทานดูนะคะ ราคาอาจจะสูงไปหน่อย 
ทางร้านก็มีเมนูเค้ก ของหวาน และ กาแฟด้วย",ข,้,า,ว,ห,่,อ,ไ,ข,่,",",,เ,ม,น,ู,ห,ล,า,ก,ห,ล,Original glazed รสชาติเหมือนกันเรย,แป้งจะนุ่ม น้ำตาลจะกรอบและไม่หวานเกินไป,"เดือนแรกที่เค้าต่อคิวกัน 2 - 3 ชั่วโมง เราก็ว่าเค้าบ้าอ่ะ...เมืองนอกเมืองนาเค้าแจกฟรีให้ชิมในขณะที่ทำ Original Glazed สดๆ ... แล้ววันนึงอ้อมที่อ้อมเบื่อ(งาน)ถึงขีดสุด ก็ไปลองต่อแถวมั่ง ฮ่าๆๆ บ้าดีเนอะ ต่อไปก็แอบฟังคนข้างๆคุยกัน...ส่วนมากจะเป็นแบบว่า แฟนสาว ""เธอว์...เพื่อนเค้าบอกว่าอร่อยแบบละลายในปากเลยนะ อยากกิวอ่าอยากกิว""",neutral,positive,negative,า,ย,",",,ร,า,ค,า,,,,,,,,,,,
ลืมถ่ายรูปเลยค่ะ เพราะหิวมาก อิอิ รอครั้งหน้าแก้ตัว เมนูแนะนํา ติ่มซําทุกชนิด โดยเฉพาะขนมผักกาด และราดหน้าปลาเต้าซี่ อร่อยมากค่ะ เมนูไม่แนะนําคือ ปลาเต๋าโต้ย หรือ ปลาจารเม็ดนั่นเอา นึ่งเกี้ยมบ๊วย ร้านอยู่ริมนํ้า แต่ไม่ต้องคาดหวังบรรยากาศอะไรมากนะคะ ร้านจีนโบราณแบบเก่าๆ น่ะค่ะ แต่รสชาติโอเคเลยค่ะ,ต,ิ,่,ม,ซ,ํ,า,",",,ข,น,ม,ผ,ั,ก,ก,า,ด,",",,ป,ล,"ส่วนมากจะเป็นแบบว่า แฟนสาว ""เธอว์...เพื่อนเค้าบอกว่าอร่อยแบบละลายในปากเลยนะ อยากกิวอ่าอยากกิว""",ถ้าจะให้ดีต้องกินแบบใหม่ๆเลยนะคะ แป้งจะนุ่ม น้ำตาลจะกรอบและไม่หวานเกินไป เรียกได้ว่าเป็นสุดยอดโดนรอบค่ะ,กินยังไงก็ยังอร่อยค่ะ แต่ถ้าปล่อยข้ามวันแล้ว ถึงแม้จะเอามาเวฟ 8 วิ ก็จะรู้สึกว่าหวานไปนิส ขอแนะนำให้กินกะกาแฟค่ะ หวานนิสตัดกะขมหน่อย อร่ออยเหาะเลยค่ะ,positive,positive,positive,า,เ,ต,้,า,ซ,ี,่,,,,,,,,,,,
"
แอบนอกใจน้องเป็ดและน้องปูวันนึง แอบเลี้ยวมาหาน้องแกะ ชิ้นใหญ่ๆ เหนียวนุ่ม เพราะแกะก็เป็นเนื้อสัตว์อีกหนึ่งอย่างที่เราชอบกินมากไม่แพ้เป็ดเลยแหละ

ที่ Patio มีจานเนื้อแกะอยู่ 2 เมนู คือ ซี่โครงแกะย่างและผักโขมผัดเนยกระเทียม (Herb-Marinated Rack of Lamb with Garlic and Butter Spinach) กับ ซี่โครงแกะย่างคาเฟ่เดอปารีส์ (Grilled Rack of Lamb with Cafe de Paris Sauce)

งวดนี้อยากกินผักเข้าไปด้วย จึงต้องเลือกแบบที่มีผักเยอะหน่อย เลยเอา ซี่โครงแกะย่างและผักโขมผัดเนยกระเทียม (ราคาประมาณ 600 กว่าบาท ดันจำเศษของมันไมได้) ซึ่งเราก็จะได้ซี่โครงแกะชิ้นงามมาสองชิ้น ย่างมาสุกกำลังดี เสิร์ฟมาคู่กับ ผักโขมหั่นเป็นชิ้นเล็กๆผัดกับเนยและกระเทียมหอมๆ รสชาติเค็มๆ มันๆ จากเนย และหวานนิดๆ จากกระเทียม แล้วก็มะเขือเทศย่างเอาไว้กินแก้เลี่ยน ทุกอย่างราดน้ำเกรวี่มาชุ่มๆ โรยพริกไทยดำกับเกลือลงไปบนเนื้อแกะอีกนิด โอว เลิศ!

เราชอบกินแกะที่มันเป็นซี่โครงแบบนี้ เพราะมันมีกระดูกยิ่นๆ ออกมา ทำให้เลาะเนื้อง่าย เพราะถ้าเป็นที่มันเป็นชิ้นๆ มาแล้วกระดูกอยู่ติดกับเนื้อ ไม่มีส่วนที่ยื่นออกมา มันค่อนข่งจะเลาะเนื้อออกมาจากกระดูกยาก

ร้านไหนเก่งไม่เก่ง มันดูกันที่การทำเนื้อสัตว์ที่มีข้อแม้เยอะๆ นี่แหละ เนื้อแกะเนี่ย มันทั้งหนา ทั้งเหนียว ทั้งเหม็นสาบ บางคนไม่ยอมกินเนื้อแกะเลยนะ เพราะเค้าเหม็นสาบแกะ แต่จะบอกว่า ถาไปเจอร้านที่ปรุงเก่งๆ ใช้เครื่องเทศดีๆ หมักแกะไว้ในเวลาที่เหมาะสม แกะจะไม่มีกลิ่นเหม็นเลย 

แล้วถ้าร้านไหนทำแกะออกมาเหนียว ก็ลำบากคนกินอีก ฉะนั้นแต่ละร้านเค้าก็จะมีสูตรหมักเนื้อแกะให้มันนุ่มนะ และที่ Patio นี่ เนื้อแกะไม่เหนียวและไม่เหม็นเลยล่ะ

แต่ราคามันสูงไปนิด ครึ่งปีกินทีละกันนะจ๊ะน้องแกะจ๋า 5555 

ปล.วันนี้รูปไม่สวยเลยอ่ะ เพราะถ่ายตอนกลางคืนแล้ว และไมได้เอากล้องไปด้วย ขออภัย

",แ,ก,ะ,",",,เ,น,ื,้,อ,แ,ก,ะ,",",,ร,ส,ช,า,ต,ิ,,เมืองนอกเมืองนาเค้าแจกฟรีให้ชิมในขณะที่ทำ Original Glazed สดๆ,Original Glazed รสชาติเหมือนกันเรย,"แฟนสาว ""เธอว์...เพื่อนเค้าบอกว่าอร่อยแบบละลายในปากเลยนะ อยากกิวอ่าอยากกิว""",positive,neutral,positive,,,,,,,,,,,,,,,,,,,
ร้านเค้ก homemade นุ่มละมุน โดยเฉพาะ mocha choc cake กับ เค้กแครอท เครปเค้ก มีชาให้เลือกหลากหลาย รวมถึงกาแฟ แต่กาแฟอาจจะไม่เข้มข้นสักเท่าไหร่ มีเสริฟทั้งอาหารจานเดียวเช่น สปาเก็ตตี้ ก๋วยเตี๋ยวเนื้อสับ ,เ,ค,้,ก,,h,o,m,e,m,a,d,e,",",,m,o,c,h,a,,c,Original Glazed รสชาติเหมือนกันเรย,"แฟนสาว ""เธอว์...เพื่อนเค้าบอกว่าอร่อยแบบละลายในปากเลยนะ อยากกิวอ่าอยากกิว""",เราก็ว่าเค้าบ้าอ่ะ...เมืองนอกเมืองนาเค้าแจกฟรีให้ชิมในขณะที่ทำ Original Glazed สดๆ,neutral,positive,negative,h,o,c,,c,a,k,e,",",,เ,ค,้,ก,แ,ค,ร,อ,ท
"ในวันนี้นายลักกี้ก็ยังคงตระเวนกินอยู่ที่ตลาดน้ำเช่นเคยนะครับ โดยวันนี้ นายลักกี้จะมารีวิวร้านขายเครื่องดื่มที่ปากน้ำถึง 2 ร้านเลย
โดยร้านแรกนั้นจะเป็นร้านกาแฟเล็กๆ ที่เปิดเป็นห้องตรงหัวมุมในบริเวณที่ขายอาหารเลย และเป็นร้านเดียวที่ติดแอร์ในละแวกนั้น
และร้านเครื่องดื่มที่ผมจะมารีวิวในวันนี้คือ

ร้าน Chubby ครับ ^^

ที่ตั้ง : ตึกแถว ถนนศรีสมุทร ซอย 6 ใกล้ถนนนารายณ์ปราบศึก
การเดินทาง : นั่งรถเมล์สาย 25 และสายอื่นๆที่ผ่านปากน้ำ ลงที่ถนนนารายณ์ปราบศึกแล้วเดินเข้าถนนศรีสมุทร ร้านจะอยู่ปากซอยศรีสมุทร 6 เลย

ร้าน Chubby เป็นร้านที่ขายเครื่องดื่มเล็กๆ ที่เน้นขายกาแฟ บนถนนศรีสมุทร ปากน้ำ และเป็นที่นั่งพักผ่อนจากเดินเล่นที่ปากน้ำเป็นอย่างดี เพราะทางร้านติดแอร์ด้วย ^^
โดยร้านจะอยู่ที่ปากซอย 6 ของถนนศครีสมุรเลย สังเกตได้ง่าย เป็นห้องหัวมุม ที่ได้มีการปรับพื้นที่ของบ้านมาเปิดร้าน ได้อย่างลงตัว
ร้านจะมีที่นั่งรับแขกอยู่ประมาณ 3 โต๊ะได้ มีทั้งแบบเก้าอี้และโซฟา เรียกได้ว่าใครโชคดีได้นั่งโซฟาก็สบายก้นไปเลย

เมนูเครื่องดื่มของทางร้านก็จะเน้นไปที่กาแฟ ชา ไอศกรีม และพวกขนมปังปิ้งให้ทานเล่นๆ
โดยราคาเครื่องดื่มนั้นจะเริ่มต้นที่ 30-55 บาท และมีพวกขนมปังปิ้งหน้าต่างๆขายด้วย (ราคาไม่แน่ใจ >..<)

สำหรับในวันนี้ผมได้ลองชิม Caramel Blended Coffee (คาราเมลปั่นกาแฟ) 55 บาท
ได้มา 1 แก้ว เป็นคาราเมลที่ปั่นรวมกับกาแฟได้อย่างลงตัว รสชาติจะออกไปทางหวานๆคาราเมล์ไม่ค่อยมีความขมของกาแฟซักเท่าไหร่ และทานง่ายมาก
เหมาะสำหรับคนที่ไม่ชอบกินกาแฟเพียวๆ หรือสำหรับคนที่ต้องการอยากลองชิมกาแฟที่ผสมกับของใหม่ๆ ที่อร่อยอย่างลงตัว

สรุปคะแนนตามความคิดเห็นของผม (เต็ม 5 คะแนน)
รสชาติ : 4 = อร่อยหวาน ทานง่าย แนะนำเลยนะครับว่าให้ลองคุยกับเจ้าของร้านว่าอยากกินกาแฟแบบไหน รับรองเจ้าของร้านแนะนำแบบที่ถูกใจได้แน่นอน
บรรยากาศ : 4 = ร้านไม่ใหญ่มาก แต่ก็มีการจัดได้อย่างเป็นสัดเป็นส่วน แอร์เย็นสบาย สะอาด
บริการ : 4.5 = เจ้าของร้านเป็นกันเอง อารมณ์ดี คุยได้ๆ
ราคา : 4 = ราคาก็ถือว่าคุ้มค่ากับการได้น้ำดีๆกินสักแก้ว และได้นั่งแช่ตากแอร์เย็นๆ ฮิฮิ ^^

ข้อความ ความคิดเห็นและคะแนนต่างๆ เป็นความคิดเห็นส่วนบุคคล หากสร้างความไม่พอใจประการใดก็ขออภัยมาใน ณ.ที่นี้ด้วยครับ
นายลักกี้ Review at 13 / 06 / 55

มาดูรูปกันดีกว่าครับ",ป,า,ก,น,้,ำ,",",,ก,า,แ,ฟ,",",,ร,้,า,น,,C,h,u,เราก็ว่าเค้าบ้าอ่ะ...เมืองนอกเมืองนาเค้าแจกฟรีให้ชิมในขณะที่ทำ Original Glazed สดๆ,Original Glazed รสชาติเหมือนกันเรย,กินยังไงก็ยังอร่อยค่ะ แต่ถ้าปล่อยข้ามวันแล้ว ถึงแม้จะเอามาเวฟ 8 วิ ก็จะรู้สึกว่าหวานไปนิส ขอแนะนำให้กินกะกาแฟค่ะ หวานนิสตัดกะขมหน่อย อร่ออยเหาะเลยค่ะ,negative,neutral,positive,b,b,y,,,,,,,,,,,,,,,,
"

แถวเสนานิคมใกล้ๆ กับหมู่บ้านอมรพันธ์ ตรงป้ายซอยเสนานิคม 34  มีร้านกาแฟน่านั่งมากอยู่ร้านนึง ชื่อว่า “Yummy Restaurant and Bakery”


เป็นร้านกาแฟ เบเกอรี่ และอาหารจานเล็กๆ แบบพวกยำๆ ทอดๆ ไม่หนักมาก ไม่หรูหราอะไร แต่อร่อยดีนะ


ส่วนเครื่องดื่ม เราสั่ง Hot latte กับ Americano เย็น ซึ่ง อเมริกาโน่ไม่ได้กิน เพราะปกติไม่ชอบกินกาแฟเท่าไหร่ ลาเต้นี่เต็มที่ละ ใส่นมแล้วขมน้อยลง


ที่ร้านนี้ เราว่ามันเหมาะกับคนที่ชอบร้านที่นั่งได้นานๆ นะ เพราะว่าเก้าอี้น่านั่งมาก มีโซฟายาวกลางร้านที่สวยมากเลย ร้านเงียบๆ ดีด้วย อยู่ในแหล่งที่ไม่ค่อยพลุกพล่าน เหมาะกับการไปนั่งลืมโลก แถมราคาอาหารและเครื่องดื่มก็ราคาไม่แพงด้วย อยู่ที่ 35 – 90 บาทเท่านั้น


ใครอยู่แถวๆ นั้น ก็ลองแวะไปดูนะ
",ร,้,า,น,ก,า,แ,ฟ,",",,บ,ร,ร,ย,า,ก,า,ศ,เ,ง,ี,ย,Original Glazed รสชาติเหมือนกันเรย,Original Glazed รสชาติเหมือนกันเรย,เราก็ว่าเค้าบ้าอ่ะ...เมืองนอกเมืองนาเค้าแจกฟรีให้ชิมในขณะที่ทำ Original Glazed สดๆ,neutral,neutral,negative,บ,ส,ง,บ,",",,ร,า,ค,า,ไ,ม,่,แ,พ,ง,,,
"กราบขออภัยสำหรับ...คำพูด แต่ผมมีความรู้สึกอย่างนั้นจริงๆ

""แฟชั่นไอซ์แลนด์"" เป็นสถานที่ที่ผมไปบ่อยมาก สำหรับการฝากท้อง การซื้อของ หรือจิบปาถะมากมาย
ร้านอาหารก็ผ่านมาแล้วมากมาย เรียกได้ว่า ตั้งแต่ร้านน้อยใหญ่ ฟู๊ดคอร์ท ร้านไอติม ร้านกาแฟ แต่วันนี้ผมได้มามาลอง
กิน  ร้าน ""โพนยางคำ"" แบบ A La Carte บนสายพาน ก่อนจะย่างเข้าไป ก็ตามธรรมชาติของผม อ่านโปสเตอร์หน้า
ร้านบ้าง อ่านคำแนะนำตัวใหญ่ๆบ้าง แต่คงอ่านไม่ละเอียดเท่าไหร่ เห็นแว่บ แว๊บแหละ 

""เนื้อประมาณเทพ บร่า บรา บรา ทาน 4 จานจ่าน 3 จาน"" และอีกหลายแผ่นโฆษณา แบบลวกๆ

เดินเข้าไปเห็นอาหารเรียงรายบนสายพาน ได้โต๊ะด้านหลังๆ ระยะการเดินไปที่โต๊ะสังเกตุอาหารบนสายพานประเมินด้วยสายตา

จานของคาว ไม่น่าเกิน 8-9 อย่าง ผัก 3-4 อย่าง ของหวานก็มีบนสายพานอีกนิดหน่อย ก็รู้สึกนิดๆนะว่าเออมันจะมีอะไรกินบ้างหนอ เอาวะไหนไหน ก็เข้ามาแล้ว ลองดูสักตั้งก็ไม่เป็นไร

วันนี้ผมมาผู้ใหญ่ กินเยอะ 2 ท่าน ไม่ค่อยกินหุ่นนางงาม 2 ท่าน เด็กเล็กประมาณจิ้มไส้กรอก 2 ชิ้นอิ่ม 3 โลกอนาคต
อยู่ได้แบบ สบาย สบาย

นั่งแฟ่บ มีเมนู มาวางพร้อมพนักงาน พร้อมสั่ง เมนูคล้ายกับร้านที่แถวนวลจันทร์แต่น้อยกว่าเยอะคือมีส้มตำ หลายตำ
คอหมูย่าง ไส้ย่าง เนื้อย่าง .... .... .... เบสิคอีสานฟู๊ด

ราคาอาหารบนสายพานมีบอกในเมนูชัดเจน ม่วง 19.- , ชมพู 39.- , เขียว 49.- , เหลือง 59.- , แดง 79.- , ขาว 169.- น้ำรีฟิว 29 

บนโต๊ะมีเตาให้ 2 แบบ หรือจะเลือกเหมือนกันก็ได้คือ เตากะทะ(เตาดาด) หม้อชาบู (หม้อจุ่ม) น้ำซุป 3-4 อย่างให้เลือก ต้มยำ ชาบู ฯ

ส่งเตาเสร็จก็หันมาหาของสดบนสายพาน โอแม่เจ้า จาน 19 บาท เห็นจะมีไม่กี่อย่าง ตัวอย่างเช่น ผักบุ้งประมาณ ลวกแล้ว สัก 2 คำตะเกียบผู้หญิงน่าจะหมด สำหรับผมคำเดียวหมด ข้าวเปล่า ตักแบบทัพพีเดียว นึกถึงถ้วยร้านข้าวต้ม ตักมาแบบไม่เต็มถ้วย 
ราคา 19 บาท(เจ๊ด....เห้) ข้าวโพดผ่าแบบแบ่งครึ่ง 3 ครึ่ง 19 บาท 

หันมามองจาน 39 บาท มีเห็ดฟางแบ่งครึ่ง 6 ชิ้นเท่ากันทุกจาน แทบยังไม่เห็นเนื้อสัตว์ เห็นก็แต่ลูกชิ้นสีแดงคล้ายลูกชิ้นเอ็มเค แต่มันไม่ใช่ เข้าใจว่ากินเข้าไปคงจะ....บรา บร่า บร้า บร๊า บร๋า (ผันได้ 5 เสียงอักษรเสียงกลาง)

ขยับมามองที่พอกินได้ 49 ขึ้นไปเป็นพวกเนื้อหมูมันมากกว่าครึ่งของชิ้นเนื้อ 1 จาน 4 ชิ้นนิ้ว(กลาง) บางเฉียบ

ด้วยระบบประมวลผลในสมองที่จบมาทางสายคำนวนเล็งเห็นแล้วว่า เอายันอิ่ม แมร่งคงพอตัวเป็นแน่แท้แล้วท่านเสมา

แต่ไม่เป็นไรนะ ไหนมาแล้ว มันต้องลองกินดูว่าสุดท้ายมันจะจบลงที่เท่าไหร่

จาน 79 เป็นเนื้อวัวชั้นเลิศ ผมไม่ปฎิเสธว่ามันอร่อย ผมกินสันนอก หรือเซอร์ลอยด์ สักชิ้น ร้านดาดๆก็ต้องมี 400 ขึ้น
ถ้าเทพๆก็เฉียดพัน ผมว่านื้อที่นี้ที่จานละ 79 บาทที่ถือรสชาดผ่านในราคา 79 บาทคือ เนื้อสันหมักซอส จานละ 4 ชิ้นที่ผมถือว่าคุ้มจริง เนื้อนุ่มตลอด ไม่มีเส้นผังพืดใดๆมารบกวน นิ่มตั้งแต่เคี้ยวแรก นอกนั้นผมว่า ""กระจอก"" 

ผมมาทานที่ที่นี้ไม่ปฏิเสธถึงคุณภาพของอาหาร รสชาด แต่สิ่งที่ผมมักพูดเสมอๆในรีวิวของผมคือ ""มันคุ้มหรือเปล่า""
คุณให้อะไรผู้บริโภค ผมเป็นคนไม่ได้กลัวหรือยำเกรงกับการทานอาหารมื้อละหลายๆเงิน เรียกได้ว่า เจ๊งกับการกินมานับไม่ถ้วน กินมันตั้งแต่ก๋วยเตี๋ยว ยัน.... .... ราคาสวรรค์ แต่สิ่งที่สรรหา คือมันควรคู่กับเงินที่เสียไปหรือเปล่า

กินวันนี้ เด็กกินไปไม่กี่คำ ผมกับหลานหนักสุดซัดไปเรื่อยๆ ผู้หญิงสองท่านที่มาด้วยก็ไม่ได้มากมายจนอิ่มอืด รวมถึงตัวผมที่นอกจากไม่ได้พิสมัยกับความไม่หลากหลาย รวมถึงขัดใจกับราคาอาหารต่อหน่วย บอกได้เลยว่าผมไม่ได้ครึ่งกระเพาะ
โดนบิลไป 2800 กว่าบาท เดินโง่เสียวุฒิภาวะทางมันสมองออกมาจากร้านเลย


ถ้าที่นี้ผมพูดได้คำเดียว สำหรับตัวผม ""โง่ฉิบหาย"" (ด่าตัวเองครับ)
",ร,า,ค,า,",",,ค,ว,า,ม,ห,ล,า,ก,ห,ล,า,ย,",",,ร,ส,Original Glazed รสชาติเหมือนกันเรย,Original Glazed รสชาติเหมือนกันเรย,Original Glazed รสชาติเหมือนกันเรย,neutral,neutral,neutral,ช,า,ต,ิ,,,,,,,,,,,,,,,
กาแฟอร่อยยมากกกกก กินแล้วรู้สึกดี ซื้อกินเกือบทุกวัน. ชอบ คาราเมล มัคคีอาโต้ อันนี้จะรสชาติไม่หวานและไม่มันมาก คนไม่ชอบหวานให้ทานตัวนี้ อีกเมนูแนะนำเป็น yes nice อันนี้จะเข้มๆข้นๆ และหวานมันกว่าคาราเมล. ราคาก็แพงอยู่เกือบสตาบั้กเลยทีเดว แก้วละ 75-85. ร้านไม่มีแอร์ จัดที่นั่งเหมือนอยู่ในสวน ถ้านั่งตอนกลางวันก็ร้อนเหมือนกัน มีอีกสาขาเป็นร้านแอร์อยู่เพอเฟคเพลส ซอยราม164เจ้าเดียวกัน,ก,า,แ,ฟ,",",,ค,า,ร,า,เ,ม,ล,,ม,ั,ค,ค,ี,อ,า,โ,ถ้าจะให้ดีต้องกินแบบใหม่ๆเลยนะคะ แป้งจะนุ่ม น้ำตาลจะกรอบและไม่หวานเกินไป เรียกได้ว่าเป็นสุดยอดโดนขนาด,กินยังไงก็ยังอร่อยค่ะ แต่ถ้าปล่อยข้ามวันแล้ว ถึงแม้จะเอามาเวฟ 8 วิ ก็จะรู้สึกว่าหวานไปนิส ขอแนะนำให้กินกะกาแฟค่ะ หวานนิสตัดกะขมหน่อย อร่ออยเหาะเลยค่ะ,Original glazed รสชาติเหมือนกันเรย,positive,positive,neutral,ต,้,",",,ร,า,ค,า,,,,,,,,,,,
"ราคาค่อนข้างแพง (479/คน)
แต่มันหลากหลายมากๆ ไม่ใช่แค่อาหารญี่ปุ่นอย่างเดียวอ่ะค่ะ. 

เริ่มจากสเปเชี่ยลเมนูก่อนนะคะ
ครั้งแรกไปไม่รู้เทศกาลอะไร แต่ได้กินปีกไก่ทอดเกลือ อร่อยมากค่ะ ครั้งที่2 เป็นเทศกาลติ่มซำค่ะ เฉยๆ ไม่ปลื้มอะไรมาก. ครั้งล่าสุด 10/7/55 เป็นเทศกาลกุ้งเผาค่ะ กินเยอะน่าจะคุ้มนะคะ 

เมนูปกติ
เยอะมากๆค่ะ รู้สึกว่าคุ้มมาก ประมาณนี้นะคะ จำได้ไม่หมด เพราะบางอย่างไม่ได้กินเลยค่ะ
ซูชิ: ปูอัด กุ้ง ยำสาหร่ายห่อสาหร่าย แมงกะพรุน ไข่หวาน ปลาไหล แซลมอน ฯลฯ หน้าพิเศษๆก็มีค่ะ เรียกไม่ถูก. 
ไข่หวานแบบล้วนนะคะ ไม่ใช่ข้าวปั้น 
ซาซิมิแซลมอน ยำแซลมอนสด(อร่อยมากค่ะ ตักเป็นจานๆก็หมด) สลัดผักน้ำสลัดหลายแบบ พาสต้าซอสหมู ผักโขมอบชีส ปลาดอลลี่/กระพงนึ่งมะนาว 
เทปันยากิ มีเนื้อสัตว์และผักให้เลือกตามใจชอบเลยค่ะ หม้อไฟมีผัก/เนื้อสัตว์ให้เลือก  ชาเขียวร้อน น้ำอัดลม น้ำผลไม้ ชาเขียว ผลไม้สด ทิรามิสุ เค้กกาแฟ เค้กเนย ไอศครีมแบบเครื่องกด ทาโกะยากิ โอโคโนมิยากิ(พิซซ่า) ข้าวกระเทียม กิมจิ ...จำได้เท่านี้อ่ะค่ะ

รสชาติดี อร่อย คุ้มค่ะ 1.45ชม. มีบริการเข็นรถมาเติมน้ำให้ สั่งพวกเทปันก็ได้ไวค่ะ ทำเนื้อสเต็กได้มีเดียมพอดีแบบไม่ต้องสั่ง ดูรุปตามนั้นเลยค่ะ รับรองว่าคุ้ม ได้กินอาหารไทย ยุ่น ฝรั่ง ในมื้อเดียวเลยค่ะ",อ,า,ห,า,ร,ญ,ี,่,ป,ุ,่,น,",",,ร,า,ค,า,",",,ค,ว,Original glazed รสชาติเหมือนกันเรย,ต่อคิว 2 ชั่วโมงครึ่งค่ะ พอซื้อได้เหมือนมีชัยชนะ โดนัทอร่อยขึ้นมาอย่างไม่น่าเชื่อ,ร้านกาแฟนรสิงห์อยู่ในเขตพระราชวังพญาไท ภายใน รพ.พระมงกุฏ,neutral,positive,neutral,า,ม,ห,ล,า,ก,ห,ล,า,ย,,,,,,,,,
"สวัสดีเพื่อนๆชาววงใน ในวันจันทร์ที่ 16 ก.ค. นะครับ สำหรับอาทิตย์นี้ทั้งอาทิตย์ นายลักกี้จะรีวิวร้านของกินที่หัวหินเกือบทั้งสัปดาห์เลย
โดยร้านแรกที่นายลักกี้จะมารีวิวนี้ เป็นร้านเครื่องดื่มเก๋ๆ ดีมีการออกแบบได้ดี น่านั่ง น่าถ่ายรูป โดยร้านจะอยู่ข้างๆสถานีรถไฟหัวหินเลย
และร้านเครื่องดื่มที่นายลักกี้จะมารีวิวในวันนี้คือ

ร้าน HuaHin Coffee Station ครับ ^^

ที่ตั้ง : ร้านจะอยู่ข้างๆสถานีรถไฟหัวหิน
การเดินทาง : มาถึงด้านหน้าสถานีรถไฟหัวหิน แล้วเดินไปทางซ้าย จะเจอร้านเลย

ร้าน HuaHin Coffee Station เป็นร้านกาแฟเล็กๆ ที่ตั้งอยู่ติดกับสถานีรถไฟหัวหินเลย สังเกตได้ง่าย โดยเป็นที่นิยมของคนที่มานั่งพักรอรถไฟหรือมาเดินเล่นถ่ายรูปกัน
ร้านจะเปิดแอร์เย็นสบาย มีขายทั้งเครื่องดื่ม และของฝากเล็กๆน้อยๆติดไม้ติดมือด้วย แถมยังมีมุมสวยๆให้นั่งถ่ายรูปอีก
ที่นั่งร้านจะมีประมาณ 5 ที่ได้ แต่โดยส่วนมากจะว่าง เพราะคนมักจะเข้ามาซื้อกินและถ่ายรูปแล้วออกเลย ไม่ค่อยนั่งแช่เท่าไหร่

เมนูของทางร้านก็จะมีพวกเครื่องดื่มในแบบต่างๆ เช่นคาปูชิโน โกโก้ สมู๊ตตี้ คุกกี้ และเค้ก เป็นต้น
โดยราคาเครื่องดื่มนั้น ส่วนใหญ่แล้ว จะอยู่ที่ แบบร้อน 50 เย็น 60 ปั่น 70 บาท ส่วนพวกของกินผมไม่แน่ใจต้องสอบถามจากทางร้านเอานะครับ

สำหรับในวันนี้ผมสั่ง โกโก้เย็น มากินครับ
ได้มา 1 แก้ว ขนาดกลางๆ รสชาติโกโก้อร่อยมาก รสเข้มและไม่หวานนมมาก ใส่น้ำแข็งกลางๆ ทำให้ได้น้ำเยอะ ดื่มกินแล้วเย็นชื่นใจไปเลย ^^

สรุปคะแนนตามความคิดเห็นของผม (เต็ม 5 คะแนน)
รสชาติ : 4.5 = สำหรับโกโก้แก้วนี้ผมว่า อร่อยเลยครับ สั่งกินได้ไม่ผิดหวัง
บรรยากาศ : 5 = ชอบบรรยากาศร้านมาก แอร์เย็นสบายดับร้อนได้ดี มีมุมถ่ายรูป และที่นั่งสบาย
บริการ : 3.5 = บริการได้ว่องไว พูดจา OK
ราคา : 3 = ส่วนตัวแล้ว ผมว่าราคาต่อแก้วสูงไปนิด เอาน่าซื้อบรรยากาศด้วย ^^

ข้อความ ความคิดเห็นและคะแนนต่างๆ เป็นความคิดเห็นส่วนบุคคล หากสร้างความไม่พอใจประการใดก็ขออภัยมาใน ณ.ที่นี้ด้วยครับ
นายลักกี้ Review at 16 / 07 / 55

มาดูรูปกันดีกว่าครับ",ห,ั,ว,ห,ิ,น,",",,ร,้,า,น,ก,า,แ,ฟ,",",,บ,ร,ร,ย,ร้านกาแฟนรสิงห์อยู่ในเขตพระราชวังพญาไท ภายใน รพ.พระมงกุฏ เปิดบริการทุกวัน 9 โมงเช้าถึง 1 ทุ่ม,ร้านกาแฟนรสิงห์อยู่ในเขตพระราชวังพญาไท ภายใน รพ.พระมงกุฏ,ร้านกาแฟนรสิงห์อยู่ในเขตพระราชวังพญาไท ภายใน รพ.พระมงกุฏ,neutral,neutral,neutral,า,ก,า,ศ,,,,,,,,,,,,,,,
"เบเกอร์รี่อร่อยดี มีให้เลือกหลากหลาย ไอติมมีหลายรส อร่อยมาก
เครื่องดื่มเป็นพวกชา/กาแฟอะไรทั่วๆไปอ่ะ อร่อยดี
ของคาวเคยกินแต่มาม่า อร่อยและน่ากินมาก
ชอบที่สุดคือบรรยากาศร้าน โต๊ะวางห่างๆไม่ชิดกันมาก เป็นส่วนตัวดี ไม่อึดอัด นั่งชิลอ่านหนังสือ/ทำงานได้ทั้งวัน คนไม่วุ่นวายแม้ยามเปิดเทอม ชอบๆ
แต่ราคาแอบแพงนะ จริงๆก็เท่าๆร้านข้างนอกทั่วไปแหละ แต่อยากให้ราคานักศึกษามากกว่านี้ มากินทุกวันคงหมดตัวโดยไม่รู้ตัวแน่ แต่ก็อยากมาอีกนะ",บ,ร,ร,ย,า,ก,า,ศ,",",,เ,บ,เ,ก,อ,ร,ี,่,",",,ร,า,ร้านกาแฟนรสิงห์อยู่ในเขตพระราชวังพญาไท ภายใน รพ.พระมงกุฏ,ร้านกาแฟนรสิงห์อยู่ในเขตพระราชวังพญาไท ภายใน รพ.พระมงกุฏ เปิดบริการทุกวัน 9 โมงเช้าถึง 1 ทุ่ม,ร้านกาแฟนรสิงห์อยู่ในเขตพระราชวังพญาไท ภายใน รพ.พระมงกุฏ,neutral,neutral,neutral,ค,า,,,,,,,,,,,,,,,,,
เปนร้านกาแฟที่มานั่งเล่นแล้วรู้สึกสบายใจจิงๆ แต่งร้านได้ให้อารมเหมือนนั่งในร้านสปา มีเก้าอี้ให้เอนนอนด้วยย เปนร้านกาแฟกลางน้ำ มองเหนดอกบัว เยอะแยะ ทำให้ผ่อนคลายสุดๆ รสชาดเครื่องดื่มและขนมก็อร่อย ลองมานะคะ ร้านนี้บรรยากาศดีจิง!,บ,ร,ร,ย,า,ก,า,ศ,",",,ก,า,แ,ฟ,",",,บ,ั,ว,,,,ร้านกาแฟนรสิงห์อยู่ในเขตพระราชวังพญาไท ภายใน รพ.พระมงกุฏ เปิดบริการทุกวัน 9 โมงเช้าถึง 1 ทุ่ม,ร้านกาแฟนรสิงห์เป็นร้านกาแฟที่สืบทอดมาจากร้านกาแฟ นรสิงห์เดิมที่ตั้งอยู่มุมสนามเสือป่า ซึ่งนับเป็น ‘คาเฟ่’ แห่งแรกของสยามประเทศที่เกิดขึ้นในสมัยรัชกาลที่ 6,ที่ได้รับรู้เรื่องราวประวัติศาตร์ของวังพญาไท รู้สึกภูมิใจในประเทศของเรา,neutral,neutral,positive,,,,,,,,,,,,,,,,,,,
"วันนี้ได้มาลองร้านนี้ซักที ร้านน่านั่งมาก บรรยากาศดีทีเดียว ช่วงนี้มีลด20%อยู่ด้วย สั่งบราวนี่ รอยัล พนักงานน่ารักมาก ไอศครีมไม่หอมเลย วนิลา ไม่มีกลิ่น กำลังสับสนว่ามันเป็นรสนมหรือเปล่า สรุปไอศครีมไม่โดนใจเลย บราวนี่อุ่นมาด้วยอร่อยดี ถ้วยวาฟเฟิลหวานไปหน่อยแต่สดดี ได้ลองสั่งคาปูชิโน่ปั่นมาด้วย ใช้ได้เลยทีเดียว 
สนนราคาไอศครีม1จาน คาปูปั่น1 แก้ว กับน้ำ1ขวดอยู่ที่285 ลด20% เหลือ246 บาท อ",บ,ร,ร,ย,า,ก,า,ศ,",",,บ,ร,า,ว,น,ี,่,",",,ไ,อ,ศ,ร้านกาแฟนรสิงห์อยู่ในเขตพระราชวังพญาไท ภายใน รพ.พระมงกุฏ,ร้านกาแฟนรสิงห์อยู่ในเขตพระราชวังพญาไท ภายใน รพ.พระมงกุฏ,ร้านกาแฟนรสิงห์เป็นร้านกาแฟที่สืบทอดมาจากร้านกาแฟ นรสิงห์เดิมที่ตั้งอยู่มุมสนามเสือป่า ซึ่งนับเป็น ‘คาเฟ่’ แห่งแรกของสยามประเทศที่เกิดขึ้นในสมัยรัชกาลที่ 6,neutral,neutral,neutral,ค,ร,ี,ม,,,,,,,,,,,,,,,
ไปบางแสนร้านน่ารักๆผุดขึ้นมากมาย ผ่านไปเจอร้านหนึ่งบรรยากาศน่ารัก มีคอกแกะ ร้านเป็นปูนฉาบทาสีสันสดใส เลยลองแวะเข้าไป เป็นร้านอาหาร ขนม และเครื่องดื่ม อาหารส่วนมากเป็นอาหารสไตล์อิตาเลี่ยน ของหวานจะเป็นเค้กต่างๆ และเครื่องดื่มซอฟดริ๊งค์ พวกกาแฟ โกโก้ สมูธตี้ แต่วันนี้ไม่ได้สั่งของหวานมาทาน สั่งเป็นของกินเล่นเบาๆเพราะตั้งใจมาเก็บบรรยากาศ เมนูแรก fish & chip ปลาทอดและมันฝรั่งทอด จัดจานมาน่ารัก รสชาติยังธรรมดา ปลายังไม่ค่อยอร่อย ต่อไปเป็นผักโขมอบชีส มาร้อนๆก็อร่อยแต่ไข่ที่ใช้ปรุงแยกตัวออกมาเลยยังไม่ค่อยเข้าเนื้อเท่าที่ควร สรุป บรรยากาศให้ไปเต็ม แต่อาหารยังคงต้องปรับปรุง การบริการเนื่องจากเป็นร้านเปิดใหม่ยังไม่ค่อยคล่องตัวดูขาดๆ เกินๆ ถ้ามีโอกาสคราวหน้าจะลองของหวานบ้าง :),บ,ร,ร,ย,า,ก,า,ศ,",",,อ,า,ห,า,ร,อ,ิ,ต,า,เ,ล,ี,ร้านกาแฟนรสิงห์อยู่ในเขตพระราชวังพญาไท ภายใน รพ.พระมงกุฏ เปิดบริการทุกวัน 9 โมงเช้าถึง 1 ทุ่ม,ร้านกาแฟนรสิงห์อยู่ในเขตพระราชวังพญาไท ภายใน รพ.พระมงกุฏ,ร้านกาแฟนรสิงห์อยู่ในเขตพระราชวังพญาไท ภายใน รพ.พระมงกุฏ,neutral,neutral,neutral,่,ย,น,",",,บ,ร,ร,ย,า,ก,า,ศ,,,,,,
"ร้านตกแต่งน่ารักมาก สไตล์นั่งอยู่ในบ้านก็จะมีของใช้กระจุกกระจิกที่มีตามบ้าน (ฝรั่ง) สีสันโทนน้ำตาลเหลือง สดใสผสมอบอุ่น เหมาะแก่การนั่งคุยเพลินๆจิบชากาแฟ กับเพื่อนๆ ถ้ามากับคู่รักแต่ละคนก็จะเข้าสู่โลกส่วนตัว เพราะมันผ่อนคลายเหมือนบ้าน
ที่ร้านมีทั้งอาหารและขนม ในส่วนของอาหารเป็นสไตล์อิตาเลี่ยน และฟิวชั่นบ้าง 
วันนี้ลองสั่งเป็น Salmon Green tea salad เป็นสลัดแซลมอนทอด ราดน้ำสลัดที่เป็นน้ำมันงา (มัั้ง) ผสมชาเขียว (แต่ไม่มีกลิ่นของชาเขียวเลย) จานนี้ให้ 3 ดาวครึ่ง เพราะแซลมอนถูกเอาไปทอด ทำให้อมน้ำมัน พอกินกับน้ำมันสลัดก็เลยเลี่ยนๆไปหน่อย ถ้าเอาปลาไปย่าง จะให้กลิ่นที่หอมกว่าและไม่เลี่ยน แถมรู้สึก healthy กว่าด้วย
อีกจานหนึ่งเป็น สปาเก็ตตี้ ama..(ชื่อยาว จำไม่ได้ แต่พนักงานเรียก ""สปาเก็ตตี้ อาม่า"") เป็นสปาเก็ตตี้ที่แปลกคือผัดกับพริกแห้งและเบค่อน แต่ใส่ซอสมะเขือเทศด้วย จานนี้ให้ 3 ดาวครึ่งเช่นกัน เพราะรู้สึกว่ารสพริกมันไม่เข้ากับรสซอสมะเขือเทศ แล้วเบค่อนก็ทอดมาเป็นชิ้นเล็กๆไปหน่อย 

แต่โดยรวมยังให้ 4 ดาว เพราะบรรยากาศโอเค มาได้อีก และคราวหน้าจะมาลองชิมเค้กดูค่ะ",บ,ร,ร,ย,า,ก,า,ศ,",",,ส,ล,ั,ด,",",,อ,า,ห,า,ร,อ,ร้านกาแฟนรสิงห์อยู่ในเขตพระราชวังพญาไท ภายใน รพ.พระมงกุฏ เปิดบริการทุกวัน 9 โมงเช้าถึง 1 ทุ่ม,ร้านกาแฟนรสิงห์เป็นร้านกาแฟที่สืบทอดมาจากร้านกาแฟ นรสิงห์เดิมที่ตั้งอยู่มุมสนามเสือป่า ซึ่งนับเป็น ‘คาเฟ่’ แห่งแรกของสยามประเทศที่เกิดขึ้นในสมัยรัชกาลที่ 6,ที่ได้รับรู้เรื่องราวประวัติศาตร์ของวังพญาไท รู้สึกภูมิใจในประเทศของเรา,neutral,neutral,positive,ิ,ต,า,เ,ล,ี,ย,น,,,,,,,,,,,
"ร้านนี้หาไม่ยากครับ อยู่ที่ปากซอย6 ถนนนิมมาน 
หน้าร้านจะเขียนเมนูแนะนำไว้บนกระดานเป็นภาษาอังกฤษ หน้าร้านจะมีต้นไม้จากกระถางอีกเล็กน้อยดูแล้วสบายตา
ร้านเป็นแบบง่ายๆเป็นกันเองและน่ารักสไตล์พี่น้องชาวเชียงใหม่

รสชาติของอาหารเป็นแบบฟรั่ง สังเกตุได้ว่าจะมีฟรั่งแวะเวียนมาบ้างบางครั้งแม้ว่าย่านนี้จะเป็นย่านของวัยรุ่นชาวไทยก็ตาม
อาหารที่ผมชอบคืออะไรก็ได้ที่มีไข่น้ำ (poached eggs) ร้านนี้ทำไข่ได้พริ้วและแม่นมากๆ ไข่ขาวสุกสวยกำลังดีไข่แดงอุ่นๆเยิ้ม
พอไข่แดงแตกไหลเยิ้มออกมาทานคู่กับ เบค่อน ขนมปัง เบคบีน มันฟรั่งทอด กับชีสเยิ้มๆ หรืออะไรก็ตามแต่เพื่อนๆจะสั่ง ก็อร่อยทั้งนั้นครับ เป็นร้านที่ทานได้ทั้งเช้า กลางวัน และค่ำ หรือจะจิบกาแฟเฉยๆก็ได้
นอกจากนี้หลังจากที่เราทานอาหารเช้าเสร็จก็สามารถเดินย่อยในถนนนิมมานต่อได้เลยอีกด้วยครับ

",ไ,ข,่,",",,เ,บ,ค,่,อ,น,",",,น,ิ,ม,ม,า,น,,,,ร้านกาแฟนรสิงห์อยู่ในเขตพระราชวังพญาไท ภายใน รพ.พระมงกุฏ,ร้านกาแฟนรสิงห์อยู่ในเขตพระราชวังพญาไท ภายใน รพ.พระมงกุฏ เปิดบริการทุกวัน 9 โมงเช้าถึง 1 ทุ่ม,ร้านกาแฟนรสิงห์อยู่ในเขตพระราชวังพญาไท ภายใน รพ.พระมงกุฏ,neutral,neutral,neutral,,,,,,,,,,,,,,,,,,,
"ร้านเค๊กที่ถูกพูดถึงอย่างมากเรียกได้ว่าป๊อปมากในยุดหนึ่ง แต่ปัจจุบันนี้ก็ยังได้รับความนิยมอยู่อย่างไม่มีทีท่าว่าจะดรอปลงและยังเปิดสาขาอีกหลายที่ในกรุงเทพด้วย 

เจ้าของร้านเป็นสาวยุคใหม่ที่มีใจรักด้านการทำขนมมาก จึงบินไปเรียนการทำขนมเค๊กฟรั่งเศษที่ญี่ปุ่น อธิบายง่ายๆก็คือเค๊กและสูตรเป็นของฟรั่งเศษแต่หน้าตาจะครีเอทใหม่ให้คิคุสไตล์ญี่ปุ่นมากขึ้น หลังจากนั้นกลับมาเมืองไทยเธอยังลงมือทำครัวเองทุกอย่าง ทั้งลงทุนลงแรงแบบนี้ ผมนับถือในความสามารถและความพยายามของเธอครับ

เค๊กที่นี่มีจุดเด่นที่หน้าตามีสีสันสวยงาม ขนาดจะเล็กกว่าทั่วไป จากการคาดเดาของผมคิดว่า ค่าครองชีฟที่เชียงใหม่ค่อนข้างถูก เพราะฉะนั้นอยู่ดีๆจะมาเปิดร้านขายเค๊กก้อนละเป็นร้อยก็คงจะเป็นเรื่องยาก ขนาดจึงต้องปรับตามด้วย เพราะตอนที่เปิดใหม่จะเป็นร้านสบายๆยังไม่เป็นแบร์นดังหรือโรงแรมหรู แต่ในจุดนี้ผมเห็นข้อดีครับ ก็คือ เราสามารถสั่งเค๊กได้เยอะขึ้น ในราคาที่เท่ากับเค๊กที่กรุงเทพเลย ปกติผมทานเค๊กแค่ชิ้นเดียวเป็นพอ แต่ร้านนี้ไปทีไรไม่ต่ำกว่า2ครับ จิบชาไปด้วย

การบริการเป็นแบบร้านกาแฟก็คือสั่ง จ่ายตัง แล้วก็รับไปนั่งที่โต๊ะเองเลย ร้านจะโปร่งสบายติดถนนหลักนิมมาน",เ,ค,๊,ก,",",,น,ิ,ม,ม,า,น,",",,ก,า,ร,บ,ร,ิ,ก,า,ร้านกาแฟนรสิงห์อยู่ในเขตพระราชวังพญาไท ภายใน รพ.พระมงกุฏ ให้บรรยากาศคลาสสิกเหมือนไปจิบกาแฟในพระราชวังเก่า,ร้านกาแฟนรสิงห์อยู่ในเขตพระราชวังพญาไท ภายใน รพ.พระมงกุฏ เปิดบริการทุกวัน 9 โมงเช้าถึง 1 ทุ่ม,บรรยากาศปานกลางครับ ไม่ได้เริ่ดหรูอลังการอย่างร้านอื่นๆในละแวกนี้,positive,neutral,neutral,ร,,,,,,,,,,,,,,,,,,
เช้าๆบ่ายๆหรือเย็นๆ อาหารว่างที่คนเรามักหยิบจับไปกินดื่มเล่นนั้น ส่วนมากก็ไม่พ้นน้ำชากาแฟ หนมปัง และน้ำปั่น วันน้ี้เราจะมาดูน้ำปั่นของร้านนี้ซึ่งขายมานาน(ไม่แน่ใจว่านานเท่าไหร่แต่ก็นานอยู่) ทีเด็ดอยู่ที่น้ำผลไม้ปั่นและของจุกจิกที่สามารถนำมาปั่นรวมกันได้ (โอรีโอ้ ปีโป้ อะไรก็ว่ากันไป)แล้วแต่เราจะ mix & match กันเอง ขอแค่สั่งคุณเจ้าของร้านก็จะจัดเต็มให้ทันที ปริมาณเมื่อเทียบกับราคาถือว่าเยอะครับถ้าเทียบตามท้องตลาดทั่วไป เพราะราคาต่อแก้วประมาณ 15 - 20 เท่านั้น ใครผ่านไปแถวนั้นก็ลองแวะชิมดูได้ครับ ,น,้,ำ,ป,ั,่,น,",",,ร,า,ค,า,",",,ส,ด,ช,ื,่,น,,ร้านอาหารเรื่อนปั้นหยา ที่จอดรถกว้างขวางสะดวกสบาย,ที่จอดรถกว้างขวางสะดวกสบาย,รสชาติอาหารของที่นี่ถือว่าโอเคในระดับนึง,positive,positive,neutral,,,,,,,,,,,,,,,,,,,
ถ้วยกาแฟสีส้มมีข้อความที่มาที่ไปของกาแฟของทางร้านรสชาดทานแล้วตาลุกโตทุกทีเข้มข้นและอร่อยอย่าบอกใครดูจากเครื่องชงแล้วราคาแสนกว่าน่าลองชิมกับราคาถ้วยละ40บาทคุ้มนะอาหารลองทานแล่วแต่ไม่เด่นอะไรเบเกอรี่ยิ่งไม่ต้องพูดถึงกาแฟโอก็พอแล้วบรรยากาศร้านไว้นั่งคุยกันสบายๆ,ก,า,แ,ฟ,",",,ร,า,ค,า,",",,บ,ร,ร,ย,า,ก,า,ศ,,,ที่จอดรถกว้างขวางสะดวกสบาย,ที่จอดรถกว้างขวางสะดวกสบาย,ร้านอาหารเรื่อนปั้นหยา ที่จอดรถกว้างขวางสะดวกสบาย,positive,positive,positive,,,,,,,,,,,,,,,,,,,
"วันนี้มีโอกาสตื่นเช้าครับเลยถึงโอกาสออกมาหาอะไรอร่อยๆทานตอนเช้าๆครับ สําหรับเช้าๆนั้นจะมีตัวเลือกไม่มากเท่าไรโดยเฉพาะก๋วยจั๊บอร่อยๆเพราะของแบบนี้ต่อให้ใส่ถุงมาจากร้านดังเมื่อคืน เอามาอุ่นตอนเช้าความอร่อยจะลดจากทานที่ร้านไปเยอะทีเดียว 

ก๋วยจั๊บร้านนี้เป็นนํ้าข้นครับ ร้านไม่มีชื่อหาไม่ยากครับหน้าปากซอยมีร้านขายโจ๊กมองเข้ามาเห็นคนมุงเยอะๆ ร้านนั้นแหละครับ คนส่วนใหญ่จะสั่งใส่ถุงครับแต่จะทานที่ร้านก็ได้ โต๊ะมีน้อยมากกกกก 

ถ้าจะมาแนะนําให้มาเช้าหน่อยครับประมาณ 8 โมงเครื่องยังครบอยู่ ถ้ามาสายอาจได้ทานแต่หนังกับเต้าหู้ เพราะเจ๊ให้เครื่องไม่อั้น

ปล. ตบท้ายด้วยร้านขนมปังฝรั่งเศสหน้าปากซอย พร้อมกาแฟและอ่านข่าวไปด้วยเป็นการเริ่มวันที่ดีทีเดียว",ก,๋,ว,ย,จ,ั,๊,บ,",",,ร,้,า,น,โ,จ,๊,ก,",",,ข,น,ที่จอดรถกว้างขวางสะดวกสบาย,ร้านอาหารเรื่อนปั้นหยา ที่จอดรถกว้างขวางสะดวกสบาย,รสชาติอาหารของที่นี่ถือว่าโอเคในระดับนึง,positive,positive,neutral,ม,ป,ั,ง,ฝ,ร,ั,่,ง,เ,ศ,ส,,,,,,,
"เครปพันชั้น! ไปมาหลายหนแล้ว แต่ไม่เคยรีวิว
จัดสักหน่อยละกัน ^+++^

จากชื่อร้านเมนูเด่นแน่นอนว่าต้องเป็นเครปเค้ก แต่สำหรับเราเฉยๆ อะ ชอบของครัวดอกไม้ขาวมากกว่า เมนูอื่นที่ชอบคือเค้กหมากรุก Strawberry Moussceline (120 บาท กินไม่กี่คำก็หมด แต่อร่อย!) ที่นี่มี macaron ด้วยนะ เมื่อก่อนเคยชอบ โดยเฉพาะรส passion fruit แต่ตอนนี้เฉยๆ แพงขึ้นด้วย จากชิ้นละ 25 บาท เป็น 35 หรือ 45 ไม่แน่ใจ เครื่องดื่มก็เป็นจำพวกชากาแฟ ชาใช้ของ Twinnings ราคาก็ใช้ได้เลย 

ชอบกลรตกแต่งของร้าน เก๋มาก สีสันก็สดใส ปกติชอบไปกินที่สาขาถนนดินสอกับถนนจักรพงษ์",เ,ค,ร,ป,",",,บ,ร,ร,ย,า,ก,า,ศ,",",,ร,า,ค,า,,,อาหารดี บรรยากาศโอเค,ที่จอดรถกว้างขวางสะดวกสบาย,ร้านอาหารเรื่อนปั้นหยา ที่จอดรถกว้างขวางสะดวกสบาย,positive,positive,positive,,,,,,,,,,,,,,,,,,,
"ร้านตั้งอยู่ชั้นล่าง ของโลตัส ศาลายา
อยู่เยื้องๆ ม. มหิดล ถนน บรมราชชนนี
หาง่ายครับ

คุณภาพ มาตรฐาน
นอกจากกาแฟอร่อยแล้ว 
โกโก้ เขาแถมนมข้น และ ขนมปังด้วย
ยังมีอาหารหลากหลายชนิด แก้หิวอีก

วันนั้น ลองสั่ง สปาเก๊ตตี้ ผัดกับ แฮมทอด รสจัดถูกใจคนไทยดีครับ
นอกนั้นปลาลวกจิ้ม ก็อร่อย ไม่เหม็นคาว
สเตีกปลา
ราดหน้าเกี๊ยวกรอบ

อาหารก็คุณภาพได้มาตรฐาน ไม่มีอะไรโดดเด่นนัก
ผมว่าน่าจะลดชนิดเมนูลงบ้าง แต่เน้นอาหารที่อร่อยจริงๆ สัก 5 - 6 อย่าง น่าจะดีนะครับ

",ร,้,า,น,อ,า,ห,า,ร,",",,ส,ป,า,เ,ก,๊,ต,ต,ี,้,",",ร้านอาหารเรื่อนปั้นหยา ที่จอดรถกว้างขวางสะดวกสบาย,รสชาติอาหารของที่นี่ถือว่าโอเคในระดับนึง,รสชาติอาหารของที่นี่ถือว่าโอเคในระดับนึง,positive,neutral,neutral,,โ,ล,ต,ั,ส,,,,,,,,,,,,,
"ร้านกาแฟบ้านบางอ้อ เป็นร้านกาแฟที่ดูสบายๆ
หาร้านไม่ยาก เพราะอยู่ติดถนนเลยค่ะ

บรรยากาศมีหลายโซนในร้าน ให้ความรู้สึกเหมืิอนนั่งเล่นในสวนบ้างเพื่อน สวนโล่งๆด้านหลัง หรือ สวนเล็กมีชิงช้าด้านหน้า หรือจะห้องติดแอร์เล็กๆที่หอมกาแฟมากๆ นอกจากกาแฟสดแบบต่างๆ ก็มีเครื่องดื่ม อีกหลากหลายชนิด ให้เลือกลิ้มลอง
ขอแนะนำ ดับเบิ้ลช็อค โกโก้ รสชาติเข้มเข้น เสิร์ฟพร้อมน้ำแข็งที่ทำจากโกโก้ หอมช็อคโกแลตและ เข้มข้นแบบสุดๆ เลยค่า และยังมี Toast ที่อร่อยไม่แพ้ ร้านดังๆส่วนตัวแล้วชอบมากๆ เลยค่ะ ทานง่ายเพราะที่ร้านหั่นมาให้แล้ว ขอบนี่ กรอบมากๆ
วาฟเฟิลที่นี่ก็หอมนุ่ม แต่ก็ยังไม่ได้ถูกใจมาก มาตรฐานวาฟเฟิลแบบนุ่มทั่วๆไปค่ะ

ถ้าใครอยากอิ่มท้อง ก็มีอาหารไว้บริการนะคะ
ขอแนะนำ แซนวิชแฮมชีส (จำชื่อไม่ได้) ให้ชีสมาแบบเต็มที่ ยืดๆเลยค่ะ น่ากินมากๆ แต่เรารู้สึกว่าเลี่ยนไปหน่อย น่าจะมีซอสมะเขือเทศ หนือมายองเนส เสิร์ฟ มาด้วย แต่เพื่อนคนอื่นๆบอกอร่อยมาก จนไปกินซ้ำอีกหลายรอบเลยคะ 

ร้านนี้เหมือนมีคนเคยบอกว่า เป็นร้านที่ไม่เสิร์ฟหมู นะคะ พี่เค้าน่าจะเป็นอิสลาม ใครไปแถวนั้นลองไปดูนะคะ โดยรวมแล้ว อร่อยค่ะ ;)",ก,า,แ,ฟ,",",,บ,ร,ร,ย,า,ก,า,ศ,",",,อ,า,ห,า,ร,,รสชาติดี,บรรยากาศปานกลางครับ,ที่จอดรถกว้างขวางสะดวกสบาย,positive,neutral,positive,,,,,,,,,,,,,,,,,,,
"ร้านอยู่ในย่านการค้า ใกล้สถาน๊รถไฟและห้างสรรพสินค้าสหไทย ห้างท้องถิ่นของจ.นครศรีฯ อยู่ติดกับธนาคารทหารไทย
หาร้านไม่ยากและที่จอดรถค่อนข้างน้อย ต้องเข้าไปจอดตามซอยใกล้ๆร้าน หน้าร้านจะมีป้ายชื่อร้านและกระดานดำเมนูแนะนำ
 
นร้านมีสามโซน มีโซนกินอาหาร โซนกินกาแฟ และโซนนอกห้องแอร์ เครื่องดื่มที่นี่มีให้เลือกเยอะมากรวมๆแล้วเป็นร้อยเมนู ถ้าชอบกาแฟร้อนแนะนำเฌอร้อน เป็นกาแฟใส่นมสูตรที่ร้านเค้ารสหวานมันกำลังดี
 
ส่วนอาหารก็มีให้เลือกเยอะ มีทั้งสเต็ก พาสต้า ก๋วยเตี๋ยว ข้าวราด ข้าวผัด ชอบมากินสเต็กแซลมอลเทอริยากิ อร่อย ^^ 
",ร,้,า,น,อ,า,ห,า,ร,",",,ก,า,แ,ฟ,",",,ส,เ,ต,็,ก,ที่จอดรถกว้างขวางสะดวกสบาย,ร้านอาหารเรื่อนปั้นหยา ที่จอดรถกว้างขวางสะดวกสบาย,รสชาติอาหารของที่นี่ถือว่าโอเคในระดับนึง,positive,positive,neutral,,,,,,,,,,,,,,,,,,,
"ร้านสะอาดดี ตกแต่งสวยงาม มีที่จอดรถ ราคาเมนูต่างๆอาจจะสูงไปนิด ถ้าเทียบกับรสชาด ลองไปทานดูมี 
1. เค้กกาแฟแมคคาดีเมีย รสชาดกับราคาสวนทางกันครับ เนื้อเค้กไมอร่อยเลย ทำเหมือนเค้กราคาไม่แพง ราคาขนาดนี้น่าจะดีกว่านี้ครับ
2. คาราเมลแมคคิอัตโต้ กาแฟรสชาดดี ผมอาจจะชอบกาแฟแบบแรงๆ นะครับ เวลาสั่งผมชอบสั่งหวานน้อย เลยคิดว่า อร่อยครับ แต่กาแฟน่าจะหอมกว่านี้หน่อยครับ
โดยรวมไปนั่งชิวๆ ได้สั่งน้ำละกัน เค้กผมว่าไม่คุ้มราคาเลยครับ ลองไปดูละกันครับ",เ,ค,้,ก,",",,ก,า,แ,ฟ,",",,ร,า,ค,า,,,,,,,ที่จอดรถกว้างขวางสะดวกสบาย,รสชาติอาหารของที่นี่ถือว่าโอเคในระดับนึง,รสชาติอาหารของที่นี่ถือว่าโอเคในระดับนึง,positive,neutral,neutral,,,,,,,,,,,,,,,,,,,
"ระหว่างหนีการต่อคิวยาวเหยียดจากร้านอาหารชื่อดังในถนนแนบเคหาสน์ ก็เหลือบมาเห็นร้านน่ารักๆ ใน ซ.หัวหิน 51 มีคนไม่มากนัก เลยลองเสี่ยงเข้ามาดู
…......................................................
ร้านตกแต่งน่ารัก เหมือนร้านขนม ร้านกาแฟ แต่จริงแล้วมีเมนูทั้งของคาวและของหวานด้วย :) 
เมนูหลักที่เจ้าของแนะนำ คือ สลัดผักและน้ำสลัดโฮมเมด แต่เราไม่ชอบกินผัก เลยสั่งคาร์โบนาร่าแฮมเบค่อน -- อร่อยมาก ราคาก็ไม่แพง เต็มคำทั้งครีม ชีส และ แฮมเบคอน -- และสั่งเครื่องดื่ม มะม่วงมิลค์เชค เป็นเมนูใหม่ของร้าน -- ละมุนลิ้นมาก นุ่ม ไม่หวานมาก ลงตัวสุดๆ
…......................................................
การบริการ เป็นกันเอง / มีโปรโมชั่นพิเศษ check in ถ่ายรูปลด 5% เราเลยจัดให้ซะหน่อย มาหัวหินครั้งต่อไป สงสัยคงต้องแวะมาชิมเมนูสปาเก็ตตี้และของหวานอื่นๆ อีกอย่างแน่นอน ^^
",ร,้,า,น,อ,า,ห,า,ร,",",,ส,ล,ั,ด,",",,ค,า,ร,์,โ,กาแฟที่ร้านนี้พิเศษคือ กาแฟ Amazon ที่เข้มข้น double ขมสะใจดีครับ,ร้านกาแฟอเมซอนที่มีร้านสรรพสินค้า เจ๊ต ในปั๊มด้วย ร้านจะอยู่ด้วยหลัง เห็นชัดครับ,ร้านกาแฟ Amazon ที่อยู่ในปั๊ม ปตท. ขาเข้ากทม. จากจังหวัดนครปฐม มีร้านสรรพสินค้า เจ๊ต ในปั๊มด้วย ร้านจะอยู่ด้วยหลัง เห็นชัดครับ,positive,neutral,neutral,บ,น,า,ร,่,า,,,,,,,,,,,,,
"ใครรักข้าวห่อไข่ มาจานนี้จะจุใจมาก เพราะเมนูเกือบทั้งเล่มเป็นข้าวห่อไข่สารพัดชนิด ตั้งแต่แบบอนุรักษ์นิยม หรือแบบที่เจาะปั๊บไข่จะเยิ่มทะลักออกมา ยันสูตรแปลกๆแบบที่ไม่มีเห็นที่อื่น เช่นเอาข้าวห่อไข่ไปใส่ในน้ำซุปอีกที ก็มีเหมือนกันค่ะ

รสชาติมาตรฐานดีค่ะ อาจจะค่อนเลี่ยนเล็กน้อยสำหรับคนที่ชอบรสชาติจดๆหน่อย และให้ปริมาณเยอะดี (เรากินแค่ครึ่งเดียวก็อิ่มอืดแล้วค่ะ) แต่ถ้าใครไม่ชอบไข่ ก็มีเมนูสปาเก็ตตี้กับสลัดและออเดิร์ฟไม่ไข่ให้สั่งกันได้ค่ะ

ที่น่าสนใจคือร้านอุตส่าห์มีกาแฟและชาเป็นสูตรของตัวเองด้วย เช่นเดียวกับเมนูขนมหน้าตาน่าทานสไตล์ญี่ปุ่นอีกหลายอย่าง น่าเสียดายด้วยความที่กินแต่ละครั้งก็อิ่มแล้ว เราเลยยังไม่ได้ลองดูว่าอร่อยสักแค่ไหนค่ะ

อาหารราคาเฉลี่ยประมาณร้อยต้นๆถึงสองร้อย(ซึ่ฃอันทีาจริงก็ถือว่าไม่แพงในย่านสุขุมวิท) แต่ด้วยความที่มาชนิดอิ่มแน่ๆ เราถือว่าคุ้มใช้ได้เลยค่ะ",ข,้,า,ว,ห,่,อ,ไ,ข,่,",",,ร,า,ค,า,",",,อ,ิ,่,ม,กาแฟที่นี่อร่อยมาก หอมกลิ่นกาแฟคั่วสด,ร้านนี้พิเศษคือพนักงานน่ารักทุกคน สังเกตว่าลูกค้ามักเป็นหนุ่มๆ ทำฟอร์มมาดื่มกาแฟแต่ชอบดูพนักงาน,ร้านนี้พิเศษคือพนักงานน่ารักทุกคน สังเกตว่าลูกค้ามักเป็นหนุ่มๆ ทำฟอร์มมาดื่มกาแฟแต่ชอบดูพนักงาน,positive,positive,positive,,,,,,,,,,,,,,,,,,,
"ร้านนี้มากินตามดีลเวปดีลชื่อดังค่ะ (ราคาดีล 198฿ จากราคาเต็ม 399฿)ร้านอยู่ที่พาวิลเลี่ยนประตูน้ำ เป็นตึกขายเสื้อผ้าตึกใหม่แถวประตูน้ำแต่ไม่ได้อยู่ติดกับแพลตตินั่มนะคะ อยู่เส้นที่ตรงจากอนุสาวรีย์ไปCTW ค่ะตึกอยู่ทางซ้ายมือ มีที่จอดรถค่ะ จอดเสร็จก็เดินผ่านร้านเสื้อผ้าขึ้นไปชั้น5จะเป็นชั้นที่รวมร้านอาหารหลายๆร้านค่ะ

ก่อนจะมากินดีลนี้เคยเข้าไปอ่านที่คนอื่นมารีวิวมีเสียงบ่นค่อนข้างเยอะค่ะ ว่าคนซื้อดีลกันเยอะมากจนพนง.บริการไม่ทัน ของเติมไม่ทัน ของบางอย่างก็ไม่มีซะงั้น เราเลยจองมากินกลางวันวันธรรมดา แถมเป็นช่วงเจอีกต่างหาก เพื่อหลีกเลี่ยงปัญหานี้ค่ะ

มาถึงยื่นดีลพร้อมแจ้งชื่อตามที่จองไว้ มาเลทกว่าเวลาที่จองไว้ 1 ชม. แต่ไม่มีปัญหาอะไรเพราะทั้งร้านมีคนกินแค่โต๊ะเดียวค่ะ เค้าก็พาไปนั่ง ถามว่าจะเอาซุปอะไร (มิโซะ กิมจิ ชาบู) เสร็จก็เดินไปตักได้เลยค่ะ 

ร้านนี้หลากหลายจริงๆ ขอแบ่งเอาเองเป็น 5 โซนแล้วกันนะคะ^^
1. ของทานเล่นแบบสั่งทำ (ทาโกะยากิ ยากิโซบะ พิซซ่าญี่ปุ่น) ที่โต๊ะมีคลิปดำเอาไว้ให้เอาไปหย่อยสั่งที่เคาเตอร์ค่ะ แต่เหมือนร้านโดนบ่นเรื่องทำอาหารไม่ทัน วันที่ไปเค้าเลยมีพวกทาโกะ พิซซ่าญี่ปุ่นกองไว้หน้าเคาเตอร์แล้ว ผลคืออาหารเย็นชืดค่ะ ถ้าร้อนๆน่าจะอร่อย เสียดายจังร้านน่าจะรักษาจุดยืนตัวเองไว้ว่าให้สั่งเอาจะได้ทำร้อนๆ
2.ของทานเล่นพวกสลัด ยำ มียำสาหร่ายไว้ให้เยอะมาก อร่อยค่ะ สลัดไข่หวาน สลัดทูน่า สลัดปลาดิบ และอื่นๆรวมเกือบ 10 อย่างแน่ะค่ะ
3. น้ำจิ้ม มีตั้งเป็นชั้นไว้สวยงามค่ะ เป็น 10 อย่างเลย ชาบูงา น้พจิ้มแจ่ว ซีฟู๊ด ซีอิ้ว ซอสพริกไทยดำ พอนสึ
4.โซนหลักค่ะ ของไว้ปิ้งย่างชาบู ผักหลายชนิดเลย ที่ชอบคือฟักทองชิ้นโต ที่อื่นไม่ค่อยมีค่ะ ด้านซีฟู๊ดมีปลาหลายชนิด แซลมอน ปลาไข่ ดอลลี่ ซาบะ ปลาหมึก กุ้งแก้ว (หอยแมงภู่ไม่มีซะงั้น จริงๆมันต้องมีนะตามที่เค้าโฆษณาอะค่ะ T-T) ตรงนี้ที่แนะนำเลยคือแซลมอนอร่อยสดค่ะ กุ้งแก้วปิ้งอร่อยมาก กรุบๆ ปลาเนื้อขาวอีกอย่าง ไม่แน่ใจว่าปลาอะไรนะคะ มันๆหน่อย อร่อยดีค่ะ อีกด้ายของโซนนี้จะเป็นพวกเนื้อ หมู ไก่ค่ะ ได้อารมณ์เหมือนกินหมูกระทะข้างทางพิกลอ่ะค่ะ เพราะร้านชาบูส่วนใหญ่จะมีเนื้อ หมูให้เลือกหลายแบบแล้วสไลซ์มาอย่างดี แต่ที่นี่ไม่ใช่ค่ะ เนื้อ หมู ไก่ แบบไม่ปรุงมีอน่างละ 1 แบบค่ะ ไม่รู้ว่าทำมาจากส่วนไหนสันนอก สันใน อะไรไม่รู้เลย หั่นกองๆไว้ค่ะ จะไปหนักที่ทำปรุงรสเยอะมาก ไก่กาแฟ ไก่กิมจิ ไก่แกงกะหรี่ 20 แบบได้มั้งคะ แต่การจัดวาง+การหั่นไม่น่ากินอะค่ะ หั่นปนกะส่วนหนัง ส่วนมันมาด้วย โซนนี้เลยชิมไปนิดเดียวจริงๆขอบายอะค่ะ ใครชอบกินเนื้อพรีเมี่ยมข้ามร้านนี้ไปเลยค่ะ
5.ขนมหวานค่ะ มีน้ำแข็งใส ต้องกดเครื่องเองค่ะ เครื่องของญี่ปุ่นไปมองๆเจอปุ่มon กดเลยค่ะ กดแล้วน้ำแข็งไม่ไหลออกมา พนง.เดินมาช่วยค่ะ ต้องเปิดฝาเครื่องข้างบนก่อนเพื่อใส่น้ำแข็งลงไปค่ะ เขินเลย -_-"" น้ำแข็งออกมาไม่ละเอียดมากนะคะ ปินละเย็นเจี๊ยบ(เย็นกว่าน้ำแข็งละเอียดแบบเกล็ดหิมะ) มีน้ำแดง น้ำกะทิให้เลือกราด พร้อมหน้าอีกหลากอย่างค่ะ ไปที่ตู้ไอติมบ้าง ไอติมมีเรนโบว์ ช็อกโกแลตให้โรย 4-5 แบบค่ะ นอกจากนี้ก็มี ผลไม้ แล้วก็เยลลี่ เพนนาคอตต้า 

ร้านนี้เด่นเรื่องความหลากหลาย แต่คุณภาพไม่สูงค่ะ ราคาดีล 198฿ ถือว่าโอเคอยู่ แต่ถ้าราคาเต็ม 399฿ เราไม่กินค่ะ 

ด้านบริการ ไม่โอค่ะ พาไปโต๊ะ จัดซุปให้ชาบูละหายไปเลยค่ะ ไม่มีการมาเก็บจานอีก ต่อให้กินจนไม่มีที่วางจานแล้วก็ไม่เก็บค่ะ ทำน้ำหกที้พื้นก็ไม่มาเช็ด ไปยืนเม้าแตกกันอยู่หน้าร้าน ขวางตรงที่จะตักซีฟู๊ดพอดีอีกต่างหาก ทั้งที่มีพนง.เกิน 10 คนแต่มีลูกค้าแค่ 2 โต๊ะแท้ๆ คงคิดว่าบุฟเฟ่ห์ลูกค้าตักกันเองอยู่แล้วเลยไม่สนใจมั้งคะ ไม่รู้จะมีพนง.เยอะขนาดนี้ไว้ทำไม

อุ๊ย เผลอบ่นเยอะอีกแล้ว ก่อนจะจบรีวิวนี้ ขอพูดถึงเครื่องปิ้งของเค้าซักหน่อยค่ะ เค้าบอกว่าเอาเครื่องมาจากเกาหลี เก็บความร้อนดี ไม่ร้อนหน้า หน้าไม่มัน แต่!! จากที่ได้กิน ความร้อนไม่ขึ้นหน้าจริง แต่ควันขึ้นนะคะ กลับบ้านได้สระผมใหม่แน่นอน ตัวเครื่องร้อนค่ะระวังมือไปโดน โดยเฉพาะถ้ามีเด็กไปด้วยต้องระวังมากๆค่ะ ความร้อนระบายลงใต้โต๊ะด้วยค่ะ ควรใส่กางเกงขายาวไปค่ะ เรื่องความติดกระทะ คนล่นกันเยอะเลย แต่ถ้าเราราดซอสสำหรับปิ้งย่างที่มีให้ที่โต๊ะลงไปจะไม่ติดค่ะ

จบรีวิวแล้วค่ะ ต่อไปคงงดรีวิวบุฟเฟ่ห์ซักระยะนะคะ อ้วนมากแล้ว (จริงๆคือกินบ่อยเริ่มเอียนค่ะ ฮ่าๆ)",บ,ุ,ฟ,เ,ฟ,ต,์,",",,ช,า,บ,ู,",",,ร,า,ค,า,,,,ร้านกาแฟ Amazon ที่อยู่ในปั๊ม ปตท. ขาเข้ากทม. จากจังหวัดนครปฐม มีร้านสรรพสินค้า เจ๊ต ในปั๊มด้วย ร้านจะอยู่ด้วยหลัง เห็นชัดครับ,ร้านนี้พิเศษคือพนักงานน่ารักทุกคน สังเกตว่าลูกค้ามักเป็นหนุ่มๆ ทำฟอร์มมาดื่มกาแฟแต่ชอบดูพนักงาน,ร้านกาแฟอเมซอนที่มีร้านสรรพสินค้า เจ๊ต ในปั๊มด้วย ร้านจะอยู่ด้วยหลัง เห็นชัดครับ,neutral,positive,neutral,,,,,,,,,,,,,,,,,,,
"ประโยชน์ของน้ำแตงโมปั่น
แตงโม มีมากมายหลายพันธุ์ให้เลือกรับประทาน พันธุ์ที่นิยมกันมาก ก็มีแตงโมจินตหรา แตงโมตอปิโดและแตงโมที่มีเนื้อสีเหลือง หรือแตงโมน้ำผึ้ง ส่วนใครที่ไม่ชอบรับประทานแตงโม เพราะรำคาญเมล็ดอันมากมายของมัน เดี๋ยวนี้เขาก็มีแตงโมพันธุ์ไม่มีเมล็ดให้เลือกซื้อเหมือนกัน แต่สนนราคาก็แพงน่าดู
แตงโม ไม่เพียงมีรสหวานและเย็นเท่านั้น ยังมีสารอาหารต่างๆที่มีประโยชน์ ทั้งแคลเซียม ฟอสฟอรัส เหล็ก โปแตสเซียม และวิตามินต่างๆ โดยเฉพาะวิตามินเอ ซึ่งมีมากเป็นพิเศษในเนื้อแตงโมที่มีสีแดงๆ
แตงโม เป็นผลไม้ฉ่ำน้ำ มีความเย็น รสหวาน รับประทานเป็นผลไม้แก้กระหายคลายร้อนได้อย่างดี หรือนำมาทำเป็นน้ำแตงโมปั่น น้ำแตงโมเชค ดื่มแก้กระหาย หรือดื่มเป็นน้ำผลไม้เพื่อสุขภาพ ดื่มกันได้ตลอดทั้งวัน อาจเป็นช่วงระหว่างมื้ออาหาร หรือก่อนนอนก็ได้ เหมาะอย่างยิ่งสำหรับผู้ที่อ่อนเพลียมากๆ เช่น ผู้ป่วยที่อยู่ในระยะพักฟื้น หรือหลังจากการผ่าตัด เพราะน้ำแตงโมปั่นช่วยให้ร่างกายรู้สึกกระชุ่มกระชวยขึ้น
น้ำแตงโมปั่น ยังช่วยทำให้ร่างกายขับปัสสาวะได้ดี จึงมีผลช่วยล้างไต ล้างกระเพาะปัสสาวะ ไม่ให้ร่างกายมีการสะสมกรดยูริค อันเป็นสาเหตุของการเกิดโรคไขข้อ โรคเกาต์ สำหรับคนผิวหนังแห้งกร้าน อันเนื่องมาจากภาวะเลือดเป็นกรด เพราะกินเนื้อสัตว์ ของทอด ขนมหวาน อาหารแป้งขัดขาว และเครื่องดื่มพวกกาแฟ โคล่ามากเกินไป น้ำแตงโมช่วยได้ นอกจากนี้ในเนื้อแตงโมยังมีเอ็นไซม์ที่ช่วยกระตุ้นความอยากอาหารอีกด้วย ก่อนกินข้าวก็ดื่มน้ำแตงโมปั่นสักแก้วจะได้เจริญอาหาร
การเลือกซื้อแตงโม ต้องซื้อที่มีผิวเปลือกเรียบ ไม่เป็นรอย รูปทรงสวยงาม ถ้าเลือกซื้อที่ผ่าแล้วได้ยิ่งดี เพราะจะได้เห็นลักษณะของเนื้อแตงโมได้ เนื้อแตงโมต้องมีสีแดง เนื้อเนียน ไส้ไม่ส้ม มีรสหวานเย็นน้ำแตงโมปั่น",แ,ต,ง,โ,ม,",",,น,้,ำ,แ,ต,ง,โ,ม,ป,ั,่,น,",",,ส,กาแฟที่ร้านนี้ คือ กาแฟ Amazon ที่เข้มข้น double ขมสะใจดีครับ,ร้านนี้พิเศษคือพนักงานน่ารักทุกคน สังเกตว่าลูกค้ามักเป็นหนุ่มๆ ทำฟอร์มมาดื่มกาแฟแต่ชอบดูพนักงาน,ร้านนี้พิเศษคือพนักงานน่ารักทุกคน สังเกตว่าลูกค้ามักเป็นหนุ่มๆ ทำฟอร์มมาดื่มกาแฟแต่ชอบดูพนักงาน,positive,positive,positive,า,ร,อ,า,ห,า,ร,,,,,,,,,,,,
"พอดีมีโอกาสแวะไปหาพี่ชายที่จังหวัดระยอง พี่ชายเลยชวนมาทานข้าวที่ร้านนี้ค่ะ 

ร้านGusto เป็นร้านขายกาแฟ เบเกอรี่ และอาหารจานเดียวที่คิดราคาค่อนข้างถูกแต่คุณภาพใช้ได้ค่ะ เป็นร้านเล็กๆ ตกแต่งประดับร้านได้น่ารักดี ให้ความรู้สึกเหมือนเรามานั่งพักผ่อนชิวๆเลยล่ะค่ะ เขาจะตั้งพวกเบเกอรี่ไว้ที่มุมด้านหน้าของร้าน โดยอีกด้านตรงข้ามจะเป็นคอรเนอร์สำหรับทำกาแฟ ถ้าอยากทานชิ้นไหนก็เดินไปสั่งได้ตามสบายเลยค่ะ 

เมนูข้าวจะมีไม่เยอะเท่าไร เป็นพวกอาหารจานเดียวน่ะค่ะ พอดีตอนที่ไปนี่เป็นช่วงเทศกาลเจ เราเลยสั่งเมนูเจมากินค่ะ(ตามกระแส อิอิ) เมนูที่สั่งมาก็มี ข้าวพริกแกงเห็ดย่าง, กระเพราเห็ดย่าง, ช็อกโกแลตปั่น และมอคค่าเย็น ราคาที่จ่ายไปวันนั้นอยู่ที่ 200 กว่าๆค่ะ 

รสชาติอาหาร สำหรับเรา เรารู้สึกว่ารสชาติกลางๆ ไม่ได้อร่อยมากมาย แต่ก็ไม่ได้แย่น่ะค่ะ แต่เรื่องของกาแฟนี่ ต้องบอกว่าค่อนข้างอร่อยเลยทีเดียวล่ะ ถึงแม้จะหวานไปสักหน่อยก็ตาม(แต่พอดีเราเป็นคนชอบทานหวานน่ะค่ะ) แต่ถ้าให้เทียบกับร้านกาแฟแนวๆเดียวกันอย่างร้านกาแฟหอมกรุ่น หรือร้านอินทนิน นี่คงสู้ไม่ได้หรอกค่ะ(คิดว่าเป็นเพราะคนละสูตรกันมั้งคะ) เอาเป็นว่าโดยรวมเราชอบบรรยากาศของร้านกาแฟเล็กๆแห่งนี้และรสชาติเครื่องดื่มที่เหมาะสมกับราคานะคะ ^^ 
  
 
",ร,้,า,น,ก,า,แ,ฟ,",",,บ,ร,ร,ย,า,ก,า,ศ,",",,ร,า,ร้านนี้พิเศษคือพนักงานน่ารักทุกคน สังเกตว่าลูกค้ามักเป็นหนุ่มๆ ทำฟอร์มมาดื่มกาแฟแต่ชอบดูพนักงาน,ร้านนี้พิเศษคือเค๊กของร้านนี้ พิเศษ มีขายเฉพาะสาขานี้ โดยเฉพาะเค๊กนมสด ซื้อไปให้ใครรับประทาน จะบอกว่าอร่อยทุกคนครับ,ร้านกาแฟอเมซอนที่มีร้านสรรพสินค้า เจ๊ต ในปั๊มด้วย ร้านจะอยู่ด้วยหลัง เห็นชัดครับ,positive,positive,neutral,ค,า,,,,,,,,,,,,,,,,,
"ถ้าพูดถึงกาแฟ ร้าน Black Canyon คงเป็นร้านแรกๆที่คุณนึกถึงใช่ไหมล่ะ แต่วันนี้เราจะไม่แนะนำเรื่องกาแฟหรอกค่ะ วันนี้เมนูที่เรายินดีนำเสนออย่างยิ่งคือเมนูอาหารค่ะ

วันนี้เราจะพาพวกคุณมาที่ร้าน Black Canyon สาขาเซ็นทรัลซิตี้ บางนา(ชั้น 5)ค่ะ ร้านนี้จัดบรรยากาศสไตล์อเมริกัน ดูน่านั่ง มีโต๊ะให้นั่งทั้งในและหน้าร้าน โดยที่นั่งหน้าร้านจัดเป็นที่นั่งสไตล์ร้านกาแฟหรูร่วมสมัย ส่วนด้านในร้านจัดที่นั่งเป็นแบบร้านอาหารครอบครัว จัดเป็นสัดส่วน ร้านดูสะอาดสะอ้าน พนักงานงานบริการดีเยี่ยมน่าประทับใจค่ะ

เมนูที่อยากแนะนำวันนี้มีชื่อว่า “ข้าวผัดเขียวหวานไก่” เป็นเมนูที่น่ารักทั้งหน้าตา และรสชาติก็อร่อยไม่ผิดหวังเลยล่ะค่ะ เมนูนี้เป็นการนำข้าวไปผัดกับแกงเขียวหวานไก่ ประดับประดาด้วยไข่ต้มหั่นเป็นเสี้ยว วางล้อมที่ด้านหนึ่งของจาน ส่วนอีกด้านหนึ่งได้มีการนำผักจำพวก มะเขือเทศ แตงกวาและผักจำพวกสลัดมาวางเรียงกันสวยงาม 

เรื่องของรสชาติ ด้วยความหอมหวานของเครื่องแกงบวกกับรสเผ็ดนิดๆผัดผสมกับเนื้อไก่ทำให้รสชาติออกมาเข้ากันได้ลงตัว เหมือนเรานั่งทานแกงเขียวหวานที่ครบเครื่องแกงจริงๆค่ะ ในเรื่องของราคาเองก็แสนคุ้มค่านะคะ เมนูจานนี้ราคาเพียง 85 บาทเท่านั้น

โดยรวมนะคะ รู้สึกถูกใจกับร้าน Black Canyon สาขานี้มาก ประทับใจทั้งบริการและรสชาติอาหารเลยค่ะ อันที่จริงที่นี่มีเมนูอาหารค่อนข้างหลากหลาย ทั้งอาหารไทยและอาหารฝรั่ง รวมถึงเครื่องดื่มหลายประเภท(แต่เน้นที่กาแฟ) รับรองได้เลยค่ะว่า ถ้าคุณได้ลองมาชิมร้านนี้ คุณจะไม่ผิดหวังเลย
",ข,้,า,ว,ผ,ั,ด,เ,ข,ี,ย,ว,ห,ว,า,น,ไ,ก,่,",",,บ,กาแฟที่ร้านนี้พิเศษคือ กาแฟ Amazon ที่เข้มข้น double ขมสะใจดีครับ,ร้านกาแฟ Amazon ที่มีร้านสรรพสินค้า เจ๊ต ในปั๊มด้วย ร้านจะอยู่ด้วยหลัง เห็นชัดครับ,ร้านกาแฟอเมซอนที่มีร้านสรรพสินค้า เจ๊ต ในปั๊มด้วย ร้านจะอยู่ด้วยหลัง เห็นชัดครับ,positive,neutral,neutral,ร,ร,ย,า,ก,า,ศ,",",,บ,ร,ิ,ก,า,ร,,,,
เขาเล่าว่า ร้านนี้ถือว่าเป็น คาเฟ่ ร้านแรกของประเทศ รัชกาลที่หก ท่านให้เปิด ( ในยุคคนี้ถือว่า เปิดใหม่อีกครั้ง เพราะปิดไปแล้วทีหนึ่ง ) ขนมเค้กเราว่าอร่อยดี และกาแฟราคาไม่แพงเลย - ลาเต้ปั่น 50 บาท แต่เหนือสิ่งอื่นใด เราว่าบรรยากาศดี ชอบไม่ชอบก็ควรแวะมาเยือนสักครั้ง,ค,า,เ,ฟ,่,",",,ก,า,แ,ฟ,",",,บ,ร,ร,ย,า,ก,า,ศ,,ร้านนี้พิเศษคือเค๊กของร้านนี้ พิเศษ มีขายเฉพาะสาขานี้ โดยเฉพาะเค๊กนมสด ซื้อไปให้ใครรับประทาน จะบอกว่าอร่อยทุกคนครับ,ฮอลิกส์ร้อน หวานไปหน่อย น่าจะสั่งกาแฟมากกว่าเพราะมันหวานแข่งกับ toast ที่แฟนผมใส่ syrup ซะท่วมจานฮ่าๆ,ร้านยังสวยเนี้ยบ ใส่ใจในรายละเอียด ไม่แปลกใจว่าดังได้นาน ยิ่งคุณเมออกหนังสือเล่มใหม่ตะลุยกินของหวานที่ญี่ปุ่นมาอีก ช่างเสริมกันซะจริงๆ เก่งครับ,positive,negative,positive,,,,,,,,,,,,,,,,,,,
"เวลาพักเที่ยงนี่ ร้านอาหารที่ไหนๆคนก็เต็มไปหมด ตอนแรกว่าจะหาข้าวกิน แต่ก็นั่นแหละค่ะ ไม่มีที่นั่งให้คนสวยตัวเล็กคนนี้เลย(ช่างกล้าพูดนะเรา โฮะๆๆ) เวลาพักก็มีจำกัด มองไปรอบข้างซ้ายขวา เห็นตำแหน่งที่นั่งว่างอยู่โต๊ะหนึ่งพอดี เราเลยไม่รอช้า รีบเดินดุ่มๆเข้าร้าน Coffee World ทันที ไม่ได้กินข้าว ได้กินอะไรรองท้องหน่อยก็ยังดีนี่นะ

พอเดินเข้ามาถึง เราก็จัดการดูเมนู ก่อนจะสั่ง แซนวิชแฮมชีสพาเนนอร่า(ชื่อประมาณนี้อะค่ะ พอดีตอนสั่งชี้ให้พนักงานดูเฉยๆ เลยไม่ได้อ่านชื่อเมนู แหะๆ ^^"") กับช็อกโกแลตปั่นเพิ่มวิปครีมช็อกชิพ เห็นราคาแล้วแทบกรี๊ดค่ะ ล่อไป 255 บาท โอย ขำไม่ออกเลยทีเดียว(ราคานี้เอาไปกินสเต็กหรูๆได้เลยล่ะนั่น เหอๆๆ) แต่ช่างมัน สั่งมาแล้วนี่นะ

หลังจากรออยู่ประมาณครึ่งชั่วโมง ของที่สั่งก็มาถึงโต๊ะ อยากบอกว่า...มันน่ากินมาก!!! และอร่อยด้วยค่ะ โดยเฉพาะช็อกโกปั่น ได้ใจสุดๆ เห็นแบบนี้ค่อยรู้สึกดีหน่อย อิอิ

แต่อยากแอบติงทางร้านนิดหน่อยว่า เขาควรจัดโต๊ะให้เป็นระเบียบหน่อย เวลาลูกค้าลุกออกจากร้านแล้วก็ช่วยรีบมาเก็บโต๊ะด้วย ไม่ใช่ปล่อยให้ลูกค้าคนอื่นที่เพิ่งมาถึงต้องเดินไปตาม ทั้งที่มีพนักงานยืนคุยกันอยู่ตั้งหลายคนแบบนั้น(แอบได้ยินพนักงานที่เป็นคนเสิร์ฟโดนพนักงานอีกคนว่าอยู่ว่าทำไมตอนเสิร์ฟไม่ดูเลขโต๊ะดีๆ เสิร์ฟผิดมั่วไปหมด) =__=;

โดยความรู้สึกส่วนตัว ถ้าให้เทียบกับร้านกาแฟที่เรตเดียวกันอย่าฃสตาร์บักส์ล่ะก็ เราชอบรสชาติของร้านคอฟฟี่เวิร์ลมากกว่านะคะ แต่ถ้าเรื่องบริการ ยกให้กับสตาร์บักส์ค่ะ บริการดีกว่าร้านนี้เยอะเลย",ร,า,ค,า,",",,ช,็,อ,ก,โ,ก,แ,ล,ต,ป,ั,่,น,",",,บ,ร้านยังสวยเนี้ยบ ใส่ใจในรายละเอียด ไม่แปลกใจว่าดังได้นาน,ร้านยังสวยเนี้ยบ ใส่ใจในรายละเอียด ไม่แปลกใจว่าดังได้นาน,ร้านยังสวยเนี้ยบ ใส่ใจในรายละเอียด ไม่แปลกใจว่าดังได้นาน ยิ่งคุณเมออกหนังสือเล่มใหม่ตะลุยกินของหวานที่ญี่ปุ่นมาอีก ช่างเสริมกันซะจริงๆ เก่งครับ,positive,positive,positive,ร,ิ,ก,า,ร,,,,,,,,,,,,,,
วันนี้จะมารีวิวร้านที่หลายๆคนอาจจะคุ้นเคยดีที่สยามค่ะ นั่นก็คือร้านบ้านหญิงนั่นเองค่ะ วันนี้เราจะมารีวิวที่สาขาTermianl 21 กันนะคะ ร้านตั้งอยู่ที่ชั้น5 โซนซานฟรานซิสโก ร้านที่นี่ใหญ่เหมือนกันนะคะ โล่งดี ตกแต่งออกแนวไม้ๆทั้งโต๊ะ เก้าอี้ แล้วก็ผนังเลย นี่เป็นการกลับมากินบ้านหญิงหลังจากที่ไม่ได้กินมาหลายปี เพราะล่าสุดไปกินที่สยามดิส แล้วเจอแมงสาบเดินอยู่ใกล้ๆโต๊ะ เข็ดเลยค่ะ ไม่ไหว แต่ที่นี่ดูสะอาดดีนะคะ เมนูที่นี่จะแบ่งเป็นสองส่วนค่ะนั่นก็คือส่วนMeal กับ Cafe วันนี้เราไม่ค่อยได้สนใจเล่ม cafe เท่าไหร่ เพราะตั้งใจมากินข้าวอย่างเดียวเลย เมนูเด็ดใจดวงใจที่มาบ้านหญิงทีไรก็ต้องสั่งก็เห็นจะเป็น “ข้าวไข่ข้น” นี่แหละค่ะ มีทอปปิ้งให้เลือกเยอะแยะเลยค่ะ ที่เราเลือกมาคือแฮมกับกุ้ง ส่วนของที่เพื่อนเราเลือกมาเป็นข้าวไข่ข้นราดซอสเห็ดกับเบคอน ส่วนเรื่องรสชาติยังอร่อยตามมาตรฐานเดิมค่ะ แฮมชิ้นใหญ่ดี ส่วนข่ก็หอมเนยมากๆ ส่วนของเพื่อนเราก็ออกจะเป็นรสชาติของครีมเห็ดข้นๆ หอมเนยจากไข่ เข้ากันกับเบคอนกรอบๆค่ะ ลองชิมของเพื่อนแล้วแอบรู้สึกว่าของเพื่อนอร่อยกว่าของเรา เป็นอย่างนี้ทุกทีเลย เวลาชิมของเพื่อนทีไรจะรู้สึกว่าของเพื่อนอร่อยกว่าของตัวเอง เป็นเหมือนกันป่าวคะ55 นอกจากจานหลักอย่างข้าวไข่ข้นแล้ว เรายังสั่งของกินเล่นมาด้วยนั่นก็คือเปาะเปี๊ยะแฮมชีส กับ ไก่ทอดครีมสลัดลาบ เปาะเปี๊ยะแฮมชีสเราว่าเค็มเกลือไปหน่อย จริงๆแล้วชีสก็มีรสเค็มหน่อยๆอยู่แล้ว ถ้าลดเกลือลงหน่อยรสชาติน่าจะพอดีกว่านี้ ส่วนไก่ทอดครีมสลัดลาบอันนี้ที่สั่งเพราะรู้สึกว่ามันแปลกดี อยากรู้ว่าครีมสลัดลาบเป็นยังไง ผลก็คือเหมือนเอาครีมสลัดผสมผงปรุงรสลาบ แต่ไม่ค่อยได้รสลาบเท่าไหร่ รสครีมสลัดจะเด่นกว่า ไก้ใช้เนื้อสะโพก นุ่มดีค่ะ แต่แอบเสียดายที่ไม่ค่อยมีหนังเลย แหะๆ รวมๆแล้วถือว่าดีเลยค่ะ สาขานี้ อย่างแรกเลยคือสะอาด อาหารมาไว แล้วก็รสชาติยังอร่อยเหมือนเดิม มื้อนี้จ่ายไปทั้งหมด456บาทถ้วน,ข,้,า,ว,ไ,ข,่,ข,้,น,",",,ส,ุ,ข,ภ,า,พ,ด,ี,",",,ร้านยังสวยเนี้ยบ ใส่ใจในรายละเอียด ไม่แปลกใจว่าดังได้นาน ยิ่งคุณเมออกหนังสือเล่มใหม่ตะลุยกินของหวานที่ญี่ปุ่นมาอีก ช่างเสริมกันซะจริงๆ เก่งครับ,ร้านยังสวยเนี้ยบ ใส่ใจในรายละเอียด ไม่แปลกใจว่าดังได้นาน,Shibuya Honey Toast กับ Horlicks Latte,positive,positive,neutral,ส,ะ,อ,า,ด,,,,,,,,,,,,,,
"ร้านคาเฟ่เล็กๆอยู่ติดกับbtsวงเวียนใหญ่ฝั่งขาเข้า
ตกแต่งร้านสไตล์เหมือนนั่งชิลอยู่บ้าน คนไม่เยอะ ไม่พลุกพล่าน

อาหารส่วนใหญ่เป็นพวกขนมปังปิ้งต่างๆ/แซนวิช/วาฟเฟิล ราคาตามในรูป 

ส่วนเมนูเด็ดของร้านคือขนมปังกระเทียม
ซึ่งส่วนตัวว่ามันค่อนข้างจะน้อยไปหน่อยนะ กับราคา50บาท แล้วก็ร้านในย่านนี้ 
แต่ที่สำคัณคือมีwifiฟรี555 ",ค,า,เ,ฟ,่,",",,บ,ร,ร,ย,า,ก,า,ศ,",",,ข,น,ม,ป,ั,ร้านยังสวยเนี้ยบ ใส่ใจในรายละเอียด ไม่แปลกใจว่าดังได้นาน,ร้านยังสวยเนี้ยบ ใส่ใจในรายละเอียด ไม่แปลกใจว่าดังได้นาน,ร้านยังสวยเนี้ยบ ใส่ใจในรายละเอียด ไม่แปลกใจว่าดังได้นาน,positive,positive,positive,ง,ก,ร,ะ,เ,ท,ี,ย,ม,,,,,,,,,,
"ระหว่างรอจัดงานลอยกระทง เลยมานั่งพักดื่มกาแฟสักครู่ ร้านนี้ตั้งอยู่ที่ท่าน้ำพอดิบพอดี มีเครื่องดื่มให้เลือกมากมาย อาทิกาแฟสด สมูตตี้ ขนมปัง สลัด ของว่างทานเล่น 

บรรยากาศด้านในสบายๆ จนอยากนอนหลับ สัสันด้านในสดใส ตกแต่งด้วยไม้เรียบง่ายดูเพลินตา ถ้าผ่านมาลองเข้ามานั่งเล่นดูนะครับ เพราะย่านนี้มีร้านอร่อยๆ ให้เลือกชิมกันมากมาย ก่อนจะข้ามไปเกาะเกร็ด",ร,้,า,น,ก,า,แ,ฟ,",",,บ,ร,ร,ย,า,ก,า,ศ,",",,ก,า,ร้านยังสวยเนี้ยบ ใส่ใจในรายละเอียด ไม่แปลกใจว่าดังได้นาน ยิ่งคุณเมออกหนังสือเล่มใหม่ตะลุยกินของหวานที่ญี่ปุ่นมาอีก ช่างเสริมกันซะจริงๆ เก่งครับ,ร้านยังสวยเนี้ยบ ใส่ใจในรายละเอียด ไม่แปลกใจว่าดังได้นาน,ร้านยังสวยเนี้ยบ ใส่ใจในรายละเอียด ไม่แปลกใจว่าดังได้นาน,positive,positive,positive,แ,ฟ,ส,ด,,,,,,,,,,,,,,,
"มีโอกาสได้ไปกินไอติมที่ร้านนี้มา ชอบตั้งแต่การตกแต่งร้านเลย มันทั้งแนวและน่ารักในเวลาเดียวกัน เป็นร้านเล็กๆ อบอุ่น ได้เจอเจ้าของร้านด้วย เจ้าของร้านเป็นสาวหวานกับสาวติสต์ เลยทำให้ได้คำตอบว่าทำไมร้านถึงออกมาได้แนวขนาดนี้ แม้แต่ไอศครีมก็แนว เมนูที่ได้ทานมีอยู่ 6 อย่างด้วยกัน

อย่างแรกเป็นไอศกรีมเมลอนญี่ปุ่น ที่เจ้าของเค้าสร้างสรรค์มาอย่างใส่ใจด้วยการนำเมลอนสดๆ มาแช่แข็งแล้วปั่น ดังนั้นรสชาติจะเป็นเมลอนแท้ๆ เลย หอมหวาน อร่อยมาก

อย่างที่สองคือ Brownie Ice cream sandwich เป็นบราวนี่แบบนิ่ม กินกับไอติมหวานๆ ออกแนวกินเพลินๆ ค่ะ

ต่อมาเป็น Banoffee ice cream pie อันนี้ค่อนข้างปลื้มเช่นกันถึงแม้จะเป็นคนไม่กินกาแฟ แต่รสชาติที่เค้าทำมาจัดว่ากลมกล่อม กินแล้วละมุนดีค่ะ โดยเฉพาะเมื่อกินกับกล้วยที่อยู่ด้านบน กินแล้วอยากกินอีกรู้สึกว่าไม่พอค่ะ อิอิ

ถัดมาเป็น rocky road ice cream pie รสชาติถือว่าดีนะคะ มีมาชเมลโลตามสไตล์ Rocky road มีความขมเล็กๆ อยู่ในนั้น ไม่แน่ใจว่าเป็น Dark Choc หรืออะไรสักอย่าง ซึ่งแบลชอบค่ะ^^

เมนูที่ห้าเป็น Semi freddo อันนี้แปลกหน่อย ถ้าใครชอบก็ชอบเลย ใครไม่ชอบอาจจะรู้สึกแปลกๆ แต่ที่เด่นมากคือเรื่องความหอมของเปลือกส้มที่ใช้โรยมาด้านบน มันหอมมากแต่ก็ขมเฝื่อนๆ หน่อยๆ ตัวไอศครีมเป็นสไตล์เกร็ดน้ำแข็งเย็นๆ ชื่นใจ รสชาติไม่เด่นนัก ไม่แน่ใจว่าอาจจะโดนเปลือกส้มกลบไปหรือเปล่า

สุดท้ายของวันนี้เป็น Layered ice pop อันนี้น่ารักดี เค้าใส่ถ้วยเล็กๆ มาให้ ดึงออกมาก็ได้ไอติมแท่งกลมๆ มาแท่งหนึ่ง มีหลายสีหลายชั้น แต่ละชั้นก็เป็นคนละรสชาติกัน วันนั้นที่ได้กินเป็น สตอเบอรี่ ส้มแล้วก็ครีม เค้าบอกว่ามันจะเปลี่ยนไปเรื่อยๆ บางวันก็มีกีวีด้วย

ที่จริงยังมีอีกหลายเมนูมากๆ หน้าตาน่ากินทุกเมนู แต่แค่นี้ก็เยอะมากแล้ว เอาไว้วันหลังไปกินมาอีกจะบอกเพิ่มนะคะ ร้านนี้อยู่ที่ Rain hill ตรงสุขุมวิท 47 หาไม่ยากค่ะ ขึ้นมาชั้นสองไม่ว่าจะออกจากลิฟท์หรือขึ้นบันไดเลื่อนก็เลี้ยวไปทางขวานะคะ ร้านกระจกสีเหลืองๆ เหมือนในรูปน่ะค่ะ สนนราคาก็ไม่แพงเลยค่ะ สำหรับไอศครีมที่ใส่ความตั้งใจและแนวคิดเก๋ๆ แบบนี้ ที่สำคัญอร่อยด้วย แต่ละเมนูอยู่ราวๆ 100 กว่าบาทหรือน้อยกว่าค่ะ ลองหาโอกาสไปลองกันนะคะ ",ไ,อ,ศ,ค,ร,ี,ม,",",,แ,น,ว,",",,อ,ร,่,อ,ย,,,,ร้านยังสวยเนี้ยบ ใส่ใจในรายละเอียด ไม่แปลกใจว่าดังได้นาน,ร้านยังสวยเนี้ยบ ใส่ใจในรายละเอียด ไม่แปลกใจว่าดังได้นาน ยิ่งคุณเมออกหนังสือเล่มใหม่ตะลุยกินของหวานที่ญี่ปุ่นมาอีก ช่างเสริมกันซะจริงๆ เก่งครับ,ร้านยังสวยเนี้ยบ ใส่ใจในรายละเอียด ไม่แปลกใจว่าดังได้นาน,positive,positive,positive,,,,,,,,,,,,,,,,,,,
"ร้านAppetite เป็นร้านขายอาหารไทยประยุกต์กับอาหารจีน เป็นร้านอาหารจานเดียวน่ะค่ะ ร้านนี้ตั้งอยู่ในพลาซ่าของมหาวิทยาลัยอัสสัมชัญวิทยาเขตบางนา(หรือเรียกสั้นๆว่าเอแบคบางนานั่นแหละ) ร้านนี้จะอยู่ติดกับร้านituneและอยู่ตรงข้ามกับร้านTrue coffee ค่ะ เป็นร้านเล็กๆเอง

ร้านนี้ค่อนข้างแออัด แน่นมากค่ะ เขาแต่งร้านโดยใช้โทนน้ำตาลขาว ดูรวมๆก็โอเคอยู่นะคะ ดูเป็นระเบียบ สะอาดสอ้านดี ^^ พนักงานน่ารักดีค่ะ บริการดีเชียว โดยเฉพาะพี่ผู้ชาย(คาดว่าน่าจะเป็นเจ้าของร้าน) ยิ้มแย้มตลอดเวลาและพูดจาสุภาพมากค่ะ 

อาหารเขาก็โอเค ค่อนข้างอร่อย มีเมนูให้เลือกหลากหลายดีด้วย แต่ร้านนี้มีข้อเสียอยู่อย่างหนึ่งค่ะ คือทุกครั้งที่เดินเข้าร้านนี้นะ พอเดินออกมาจะมีกลิ่นอาหารติดตัวและผมเสมอ อย่างกับว่าไปนั่งอยู่ตามร้านหมอกะทะมา และกลิ่นค่อนข้างแรงด้วยอะ ตอนแรกคิดว่าเป็นคนเดียวนะ แต่พอไปถามคนอื่นๆมาก็ปรากฏว่าเป็นแบบนี้กันหมด เลยแอบเฟล ทั้งๆที่ก็ไม่ได้สั่งอาหารที่มีกลิ่นแรงๆมาทานเลยนะนั่น เหอๆ =W=; 


",อ,า,ห,า,ร,ไ,ท,ย,",",,ร,้,า,น,อ,า,ห,า,ร,",",,ก,ร้านยังสวยเนี้ยบ ใส่ใจในรายละเอียด ไม่แปลกใจว่าดังได้นาน ยิ่งคุณเมออกหนังสือเล่มใหม่ตะลุยกินของหวานที่ญี่ปุ่นมาอีก ช่างเสริมกันซะจริงๆ เก่งครับ,ร้านยังสวยเนี้ยบ ใส่ใจในรายละเอียด ไม่แปลกใจว่าดังได้นาน,ร้านยังสวยเนี้ยบ ใส่ใจในรายละเอียด ไม่แปลกใจว่าดังได้นาน,positive,positive,positive,ล,ิ,่,น,อ,า,ห,า,ร,,,,,,,,,,
เมื่อวานไปเดินเล่นเดอะมอลล์บางแค แล้วเห็นร้าน sometime’s ซึ่งเป็นร้านที่เป็นสาขา ก็เลยคิดถึงร้านที่เป็นออริจินอลขึ้นมา ร้านนี้เคยไปเมื่อสามสี่ปีก่อน ไปแล้วประทับใจมาก คิดไว้เลยว่าจะต้องมาอีก แต่เวลาผ่านไปก็ลืม พอมาเจอมินิซัมไทม์ก็เลยคิดถึง อยากไปขึ้นมาแบบปัจจุบันทันด่วน พอได้โอกาสก็เลยชวนเพื่อนสาวไปนั่งเม้าท์กันซะเลย ร้านนี้มีนกฮูกเป็นสัญลักษณ์ของร้าน ธีมหลักจะตกแต่งโทนเข้มๆดูลึกลับๆหน่อย แต่จริงๆแล้วที่ร้านมีหลายโซน แต่ละโซนก็ตกแต่งต่างแบบต่างสไตล์กันไป มีทั้งนั่งในร้านแล้วก็นั่งข้างนอก อาหารก็มีทั้งของคาวของหวานและเครื่องดื่ม เข้าไปในร้าน กลิ่นแรกที่สัมผัสได้คือกลิ่นกาแฟ หอมมาก ได้กลิ่นแล้วผ่อนคลายสุดๆ วันนี้เราสั่งลาเต้ร้อนมากินกับดับเบิ้ลดาร์กช้อคโกแลต ลาเต้รสกลมกล่อมดี จิบอุ่นๆกับฟองนมนุ่มๆ ส่วนเค้กก็อร่อยนะคะ ไม่หวานมากเพราะเป็นดาร์กช้อคโกแลต แต่ก็ไม่ได้ขมเกินไป เค้กอร่อย ชิ้นใหญ่ดีค่ะ แต่ยังไม่ได้แบบ โอ้วว อร่อยสุดๆอะไรขนาดนั้นนะคะ แต่อยู่ในขั้นอร่อยแหละ งงมั้ย55 เพื่อนเราสั่งซุปฟักทองของแนะนำของร้านมากิน เค้าบอกว่ารสกลมกล่อมดี แต่เราไม่ชอบฟักทองเลยขอบาย ส่วนคาโบนาร่าที่เพื่อนสั่งมาชิมไปคำนึงอร่อยค่ะ ข้นๆ ชีสเยอะ เยิ้มๆเลย กินคำแรกอร่อยดีนะคะ แต่ไม่รู้กินหมดจานจะเลี่ยนรึป่าว จำได้ว่าครั้งที่แล้วเรามากินโรตีแกงเขียวหวานไก่อร่อยมาก จำรายละเอียดรสไม่ได้หรอกเพราะนานแล้ว ที่จำได้คืออร่อย ส่วนเค้กครั้งที่แล้วเรากินบานอฟฟี่ ชิ้นโตๆ อร่อยเหมือนกันค่ะ แต่มาครั้งนี้ไม่อยากสั่งซ้ำ อยากลองของใหม่บ้าง สรุปเลยนะคะ ร้านนี้บรรยากาศดีมาก มีหลายมุมให้เลือกนั่งแล้วแต่อารมณ์เลยค่ะ เป็นอีกร้านนึงที่เราประทับใจมากๆ เพราะร้านสวย นั่งสบาย อาหารอร่อย พนักงานเป็นกันเอง ส่วนราคาก็ทั่วๆไปนะ ไม่ได้ถูก แต่ก็ไม่ได้แพงเว่อร์กว่าที่อื่นหรอก อ้อลืมบอกไป ร้านนี้อยู่ระหว่างซอบปรีดีพนมยงค์38กับ40นะ อยู่ริมถนนเลย หาไม่ยาก,บ,ร,ร,ย,า,ก,า,ศ,",",,อ,า,ห,า,ร,",",,ก,า,แ,ฟ,,ร้านยังสวยเนี้ยบ ใส่ใจในรายละเอียด ไม่แปลกใจว่าดังได้นาน,ร้านยังสวยเนี้ยบ ใส่ใจในรายละเอียด ไม่แปลกใจว่าดังได้นาน,ร้านยังสวยเนี้ยบ ใส่ใจในรายละเอียด ไม่แปลกใจว่าดังได้นาน ยิ่งคุณเมออกหนังสือเล่มใหม่ตะลุยกินของหวานที่ญี่ปุ่นมาอีก ช่างเสริมกันซะจริงๆ เก่งครับ,positive,positive,positive,,,,,,,,,,,,,,,,,,,
"     ร้านนี้เป็นอีกร้านที่ติดใจเพราะเคยได้ลองที่ตึกมาลีนนท์ตอนไปดูงานที่ช่อง3 ขอบอกว่าปลื้มชอกโกแลตร้อน และวิปครีมของร้านมากๆ
    มาที่สาขามิดทาวน์อโศกก็ยังสั่งชอกโกแลตร้อนเช่นเดิม สาขานี้ดูมีเคิกให้ลองเยอะกว่าสาขามาลีนนท์ทาวเวอร์ แต่เสียดายที่มีที่นั่งน้อยไปหน่อย คนก็เดินพลุกพล่าน 
     แต่รสชาติเครื่องดื่มดีไม่แพ้สตาบัคเลยนะ และราคาก็ถูกกว่านิดนึงด้วย แถมช่วงนี้คอกาแฟที่ชอบมากีบเพื่อนคงถูกใจ เค้ามัแฮปปีอาว ซื้อ1 แถม1 ในช่วงเวลาที่กำหนดด้วย เป็นช่วงเย็นหลัง5 โมง แต่บุ้งคงขอบาย เพราะ ดื่มกาแฟตอนเย็นๆ ไม่ค่อยได้จริงๆ ( ยกเว้นช่วงอ่านหนังสือสอบ กาแฟเอย เอ็มร้อยเอยมาหมด ฮี่ๆ)",ช,อ,ก,โ,ก,แ,ล,ต,ร,้,อ,น,",",,ร,า,ค,า,",",,โ,ป,ร้านยังสวยเนี้ยบ ใส่ใจในรายละเอียด ไม่แปลกใจว่าดังได้นาน ยิ่งคุณเมออกหนังสือเล่มใหม่ตะลุยกินของหวานที่ญี่ปุ่นมาอีก ช่างเสริมกันซะจริงๆ เก่งครับ,ร้านยังสวยเนี้ยบ ใส่ใจในรายละเอียด ไม่แปลกใจว่าดังได้นาน,ร้านยังสวยเนี้ยบ ใส่ใจในรายละเอียด ไม่แปลกใจว่าดังได้นาน ยิ่งคุณเมออกหนังสือเล่มใหม่ตะลุยกินของหวานที่ญี่ปุ่นมาอีก ช่างเสริมกันซะจริงๆ เก่งครับ,positive,positive,positive,ร,โ,ม,ช,ั,่,น,,,,,,,,,,,,
บ้านไร่กาแฟอยู่ตรงBTS เอกมัย ร้านใหญ่พอสมควรเลย ที่นี่เค้าจะขายทั้งอาหารแล้วก็กาแฟ โซนด้านล่างเย็นจะเป็นช่วงของมื้อค่ำ เห็นว่ามีดนตรีสดด้วย ส่วนชั้นสองจะเป็นร้านกาแฟโดยเฉพาะ เราขอไม่พูดถึงโซนอาหารนะ เพราะว่ายังไม่ได้ไปลองชิม รีวิวนี้เลยขอพูดแต่เรื่องกาแฟอย่างเดียวแล้วกัน สไตล์การตกแต่งร้านออกแนวไทยโมเดิร์นนะ ในร้านก็ร่มรื่น บรรยากศในร้านส่วนใหญ่เป็นนักศึกษานะ ส่วนใหญ่จะมานั่งทำงานเป็นกลุ่ม บางคนก็หอบโน๊ตบุ๊คมาด้วย เพราะที่นี่เค้ามีบริการwifiฟรี แถมยังนั่งได้ทั้งวัน เพราะร้านนี้เค้าเปิดแข่งกับเซเว่น เปิดตลอด24 ชั่วโมงเลย วันนี้ว่างๆเลยขอแวะดื่มกาแฟแก้ง่วงหน่อย มาถึงเราก็เลยเดินตรงไปที่ชั้นสอง เพื่อสั่งกาแฟก่อนเลย ตอนที่เราไปไม่มีคนเลยไม่ต้องเอาคิว สั่งเครื่องดื่มเสร็จเราก็ไปนั่งรอที่โต๊ะได้เลย นอกจากเครื่องดื่มแล้วทางร้านก็มีพวกขนม เบเกอร์รี่ต่างๆไว้บริการด้วย กาแฟที่เราสั่งวันนี้เป็นกาแฟไทยโบราณ เราสั่งแบบเข้มมากหวานน้อยไป รสชาติเข้มข้นดี หอมกลิ่นเมล็ดกาแฟ แต่เราว่ายังหวานไปหน่อย แก้วนี้ราคา100บาท นั่งๆไปก็อยากกินชานมเลยสั่งมาอีกแก้ว อันนี้หอมชามาก รสชาติออกมันๆ ไม่หวานจนแสบคอ อร่อยได้รสชาติแบบชาไทยดี แก้วนี้ก็100บาทเหมือนกัน เอาเป็นว่าถ้าใครชอบกินกาแฟโบราณแบบเข้มข้นก็ลองมานั่งจิบกาแฟสบายๆที่ร้านนี้ดูนะ,ก,า,แ,ฟ,",",,ก,า,แ,ฟ,ไ,ท,ย,โ,บ,ร,า,ณ,",",,บ,ร,คาเฟ่สไตล์ญี่ปุ่น-อิตาเลียน กลางซอยเอกมัย 12,"ร้านวานิลลาคาเฟ่ เป็นหนึ่งในร้านของวานิลาการ์เด้นค่ะ โดยในสวนกลางซอยเอกมัย 12 นี้จะมีร้านย่อยๆ อีก 3 ร้านด้วยกันค่ะ Vanilla Cafe’, Royal Vanilla และ Sauce",ร้านวานิลลาคาเฟ่’ ซึ่งครั้งนี้ออฟ ไผ่ จิโรจและมิวหลังจากที่ไปเที่ยวตลาดคลองสวนกันมาแล้ว ไปเที่ยวตลาด 100 ปีบ้านใหม่มาแล้ว ไปดู I am number four มากันแล้ว ก็มาปิดท้ายการทานอาหารเย็นร่วมกันที่ร้านวานิลลาค่ะ,neutral,neutral,neutral,ร,ย,า,ก,า,ศ,,,,,,,,,,,,,
"วันที่ไปทานเป็น Brunch set ค่ะ ราคาก็ต่างกันตั้งแต่ 190-400 กว่าบาท
โดยในเซตจะมีของทานเล่น เครื่องดื่ม และไอศกรีมให้ด้วย(คุ้มมากๆ)

สั่ง pork fillet brunch set ไปค่ะ รวม vat+ser แล้ว 421 บาท

*ในเซ็ตมีไก่นักเก็ต พร้อมดิปบลูชีส(หรือมาโย)  กลิ่นมันฉุนแปลกๆ  และไม่เหมือนnugget bluecheese ในเมนู -_- แต่ก็ทอดมาได้ดี ไม่อมน้ำมัค่ะ กินกับซอสพริกน่าจะอร่อยกว่า(แล้วแต่คนชอบนะ)

*กาแฟเย็น ให้เติมไซรัปเอง จืดๆค่ะ นมเยอะไปหน่อย+น้ำแข็งเยอะ

*สลัด ผักสดดี น้ำสลัด vinegar อร่อย

*ตัว pork chop ยัดไส้ด้วยเห็ดและชีส ทำมาได้อร่อยดีค่ะ ซอสก็อร่อย potato wedges อร่อยมาก แต่รออาหารนานมากกกกกกกกกก  ทั้งๆที่ร้านมีเราคนเดียว(ไป 11.10 น.)

หักคะแนนที่อาหารรอนานค่ะ

",ร,า,ค,า,",",,อ,า,ห,า,ร,",",,ร,อ,ค,อ,ย,,,,,ร้านวานิลลาคาเฟ่’ (ร้านหนังสือ) ซึ่งครั้งนี้ออฟ ไผ่ จิโรจและมิวหลังจากที่ไปเที่ยวตลาดคลองสวนกันมาแล้ว ไปเที่ยวตลาด 100 ปีบ้านใหม่มาแล้ว ไปดู I am number four มากันแล้ว ก็มาปิดท้ายการทานอาหารเย็นร่วมกันที่ร้านวานิลลาค่ะ,"ร้านวานิลลาคาเฟ่ เป็นหนึ่งในร้านของวานิลาการ์เด้นค่ะ โดยในสวนกลางซอยเอกมัย 12 นี้จะมีร้านย่อยๆ อีก 3 ร้านด้วยกันค่ะ Vanilla Cafe’, Royal Vanilla และ Sauce  Vanilla Cafe’ (ร้านหนังสือ) ซึ่งครั้งนี้ออฟ ไผ่ จิโรจและมิวหลังจากที่ไปเที่ยวตลาดคลองสวนกันมาแล้ว ไปเที่ยวตลาด 100 ปีบ้านใหม่มาแล้ว ไปดู I am number four มากันแล้ว ก็มาปิดท้ายการทานอาหารเย็นร่วมกันที่ร้านวานิลลาค่ะ",ร้านวานิลลาคาเฟ่เป็นร้านที่พี่สาวโปรดปรานเอามากๆ เรียกได้ว่าแนะนำถึงขนาดว่า ต้องมาทานคาโบนาร่าของที่นี่ให้ได้เลยทีเดียวค่ะ,neutral,neutral,positive,,,,,,,,,,,,,,,,,,,
ขับรถผ่านหลายทีแต่ไม่กล้าเข้ามาเพราะชื่อร้านไม่น่าพิศมัย ป้ายร้านก็ดูหลอนๆเหมือนคาเฟ่ริมทางเวลาไปต่างจังหวัด แต่เหมือนมีเซนส์อะไรซักอยากบอกว่า มาลองดูเถอะ บวกกับอยากเปลี่ยนแนวหาร้านเวียดนามในหัวหินดูบ้างเลยลองดู ปรากฏว่าดีเกินคาด ร้านบรรยากาศค่อนข้างไฮโซหน่อยๆ จัดร้านน่ารัก มีโซนห้องแอร์ กับเอาท์ดอร์ อาหารมีทั้งเวียดนาม ไทย ฝรั่ง ใช้วัตถุดิบคุณภาพดี รสชาติใช้ได้ วันนี้ทานแหนมเนือง เส้นหมี่เนื้อ ช่อม่วง อร่อยใช้ได้ จุดเด่นอีกอย่างคือพนักงานเอาใจใส่ดี พูดเพราะ เน้นชาวต่างชาติ คนไทยคงหลอนกับป้ายชื่อจนไม่อยากลอง แต่คอนเฟิรมว่า ถ้าไม่อยากไปแย่งกันกินกับร้านดังปั่นกระแส ร้านนี้ก็เป็นทางเลือกที่คุ้มค่า ที่ตั้งอยู่ติดกับ Huahin market village เลยจอดรถในห้างแล้วเดินมาก็ได้ ^^,บ,ร,ร,ย,า,ก,า,ศ,",",,อ,า,ห,า,ร,เ,ว,ี,ย,ด,น,า,ร้านวานิลลาคาเฟ่เป็นร้านที่พี่สาวโปรดปรานเอามากๆ เรียกได้ว่าแนะนำถึงขนาดว่า ต้องมาทานคาโบนาร่าของที่นี่ให้ได้เลยทีเดียวค่ะ,ร้านวานิลลาคาเฟ่ เป็นหนึ่งในร้านของวานิลาการ์เด้นค่ะ,"ร้านวานิลลาคาเฟ่ เป็นหนึ่งในร้านของวานิลาการ์เด้นค่ะ โดยในสวนกลางซอยเอกมัย 12 นี้จะมีร้านย่อยๆ อีก 3 ร้านด้วยกันค่ะ Vanilla Cafe’, Royal Vanilla และ Sauce",positive,neutral,neutral,ม,",",,พ,น,ั,ก,ง,า,น,เ,อ,า,ใ,จ,ใ,ส,่,
"เพิ่งสังเกตเห็นว่า toast box แอบมาเปิดร้านที่ central พระราม 2 ข้างๆ Bread Talk ตรงข้าม Pizza Hut ร้านสีขาวซ่อนตัวอยู่ในหลืบ กิ๊บเก๋ดูเป็นผู้ดีอังกฤษ แต่เสิร์ฟชากาแฟแบบจีนเจ๊ก ถือเป็นวัฒนธรรมร้านโกปี๊แบบอัพเกรด 

เมนูบนข้างฝา อั๊วอ่านไม่ค่อยรู้เรื่อง เลยถามพนักงานว่านอกจากเซ็ตเมนูแล้ว ของร่างที่คนชอบสั่งคืออะไร ก็เลยได้ ขนมปังปิ้งมาแผ่นนึงโรยหน้าสังขยาน้ำผึ้ง (Kaya) แผ่นละ 28 บาท เทียบกับเมนูของหวานประเภทเค้ก อันนี้นับว่าไม่แพง แต่ถ้าเทียบกับขนมปังแซนวิช กับขนมปังก้อนให้อาหารปลา ก็นับว่าแพงมาก ถือว่าเราไม่ได้จ่ายค่าขนมปัง แต่จ่ายให้ค่าแบรนด์ ค่าแอร์ โต๊ะเก้าอี้ และบรรยากาศเนาะ (บ่นทำไม จ่ายแพงกว่านี้ก็เจอมาแล้ว)

กวาดสายตาเล็งหาเครื่องดื่มไว้กลืนแก้ติดคอ ก็มั่วสั่งไปได้ ชาเย็นสูตรโบราณ เรียกเก๋ๆว่า Teh คนสั่งก็เต๊ะสมชื่อเหมือนกัน แก้วละ 45 บาท ก็นับว่าถูกกว่าสตาร์บัคส์งยู่หนึ่งเท่าตัว ใกล้เคียงกับชานมไข่มุก พอรับได้อยู่ แถมรสชาติดี ใม่หวานเลี่ยนเกิน

จริงๆที่ร้านมีเมนูข้าวประเภทข้าวหมูตุ๋น ข้าวแกงกะหรี่ด้วย วันนี้ยังไม่ได้สั่งทาน ใครเคยชิมแล้ว ช่วยคอมเมนต์กันหน่อย จะได้อิ่มอวบไปตามกัน ^ ^",ร,า,ค,า,",",,ช,า,",",,ข,น,ม,ป,ั,ง,,,,,,,"ร้านวานิลลาคาเฟ่ เป็นหนึ่งในร้านของวานิลาการ์เด้นค่ะ โดยในสวนกลางซอยเอกมัย 12 นี้จะมีร้านย่อยๆ อีก 3 ร้านด้วยกันค่ะ Vanilla Cafe’, Royal Vanilla และ Sauce  Vanilla Cafe’ (ร้านหนังสือ) ซึ่งครั้งนี้ออฟ ไผ่ จิโรจและมิวหลังจากที่ไปเที่ยวตลาดคลองสวนกันมาแล้ว ไปเที่ยวตลาด 100 ปีบ้านใหม่มาแล้ว ไปดู I am number four มากันแล้ว ก็มาปิดท้ายการทานอาหารเย็นร่วมกันที่ร้านวานิลลาค่ะ","ร้านวานิลลาคาเฟ่ เป็นหนึ่งในร้านของวานิลาการ์เด้นค่ะ โดยในสวนกลางซอยเอกมัย 12 นี้จะมีร้านย่อยๆ อีก 3 ร้านด้วยกันค่ะ Vanilla Cafe’, Royal Vanilla และ Sauce  Vanilla Cafe’ (ร้านหนังสือ) ซึ่งครั้งนี้ออฟ ไผ่ จิโรจและมิวหลังจากที่ไปเที่ยวตลาดคลองสวนกันมาแล้ว ไปเที่ยวตลาด 100 ปีบ้านใหม่มาแล้ว ไปดู I am number four มากันแล้ว ก็มาปิดท้ายการทานอาหารเย็นร่วมกันที่ร้านวานิลลาค่ะ","ร้านวานิลลาคาเฟ่ เป็นหนึ่งในร้านของวานิลาการ์เด้นค่ะ โดยในสวนกลางซอยเอกมัย 12 นี้จะมีร้านย่อยๆ อีก 3 ร้านด้วยกันค่ะ Vanilla Cafe’, Royal Vanilla และ Sauce  Vanilla Cafe’ (ร้านหนังสือ) ซึ่งครั้งนี้ออฟ ไผ่ จิโรจและมิวหลังจากที่ไปเที่ยวตลาดคลองสวนกันมาแล้ว ไปเที่ยวตลาด 100 ปีบ้านใหม่มาแล้ว ไปดู I am number four มากันแล้ว ก็มาปิดท้ายการทานอาหารเย็นร่วมกันที่ร้านวานิลลาค่ะ",neutral,neutral,neutral,,,,,,,,,,,,,,,,,,,
"นัดกับรุ่นน้องไว้ว่าจะพาไปเลี้ยงและอยากทานกาแฟตบท้ายอร่อยๆ ก็เลยนึกถึงร้านนี้ได้ เป็นคาเฟ่แบบเก่าๆในย่านอนุสาวรีย์ ร้านนี้ตั้งอยู่ที่วังพญาไท หาไม่ยากครับ เข้ามาในเขตรั้วแล้วเหมือนกลับไปอยู่โลกสมัยเก่า ตัวอาคารสวยงามมาก ถึงมากที่สุด ให้บรรยากาศย้อนยุคดีมาก ร้านนี้มีบริการทั้งเครื่องดิ่ม ร้อน เย็น อาหาร ทานเล่น ครบกับที่ต้องการ แล้วราคาก็เร้าใจครับ วันนี้ลองสั่งมาสามอย่าง รสชาติไม่โดดเด่น กลางๆครับ ฝากท้องได้ ส่วนกาแฟก็โอเคครับ แต่ผิดที่อเมริกาโน่ดันใส่น้ำตาลมาให้ แอบเคืองนิดนึง จุดขายของร้านคงเป็นเรื่องบรรยากาศและความเป็นส่วนตัวของโต๊ะ ที่กว้างแต่โต๊ะไม่เยอะ มีโซฟาสวยมากวางอยู่ แชงเดอเรียให้ความหรูหรา ในราคามิตรภาพ 

ผ่านเบย เหมาะกับนั่งแช่ทำงานมากๆครับ",บ,ร,ร,ย,า,ก,า,ศ,",",,ร,า,ค,า,",",,ก,า,แ,ฟ,,,"ร้านวานิลลาคาเฟ่ เป็นหนึ่งในร้านของวานิลาการ์เด้นค่ะ โดยในสวนกลางซอยเอกมัย 12 นี้จะมีร้านย่อยๆ อีก 3 ร้านด้วยกันค่ะ Vanilla Cafe’, Royal Vanilla และ Sauce  Vanilla Cafe’ (ร้านหนังสือ) ซึ่งครั้งนี้ออฟ ไผ่ จิโรจและมิวหลังจากที่ไปเที่ยวตลาดคลองสวนกันมาแล้ว ไปเที่ยวตลาด 100 ปีบ้านใหม่มาแล้ว ไปดู I am number four มากันแล้ว ก็มาปิดท้ายการทานอาหารเย็นร่วมกันที่ร้านวานิลลาค่ะ","ร้านวานิลลาคาเฟ่ เป็นหนึ่งในร้านของวานิลาการ์เด้นค่ะ โดยในสวนกลางซอยเอกมัย 12 นี้จะมีร้านย่อยๆ อีก 3 ร้านด้วยกันค่ะ Vanilla Cafe’, Royal Vanilla และ Sauce",ร้านวานิลลาคาเฟ่เป็นร้านที่พี่สาวโปรดปรานเอามากๆ เรียกได้ว่าแนะนำถึงขนาดว่า ต้องมาทานคาโบนาร่าของที่นี่ให้ได้เลยทีเดียวค่ะ,neutral,neutral,positive,,,,,,,,,,,,,,,,,,,
"เราชอบแวะไปซื้ออาหารแช่เเข็งที่ร้านCP แถวซอยหมู่บ้านกฤษณาค่ะ(พอดีมันใกล้บ้านที่สุดแล้ว) และเราก็ผ่านร้านกาแฟโชคดีคัพบ่อยมาก วันดีคืนดีเลยลองแวะเข้าร้านดูค่ะ

ร้านนี้เป็นร้านเล็กๆที่ตกแต่งร้านได้น่านั่งดีค่ะ มีต้นคริสมาสตั้งโชว์ด้วยอะ แอบถูกใจๆ 

เราสั่งคาปูชิโน่มาดื่มค่ารออยู่ครู่เดียวเท่านั้น ของที่สั่งก็มาถึง อันที่จริงอยากเพิ่มวิปครีมด้วย แต่พอดีวิปครีมที่ร้านหมดอะ เลยอดเลยยยย

กาแฟร้านนี้รสชาติดีใช้ได้ค่ะ ติดหวานนิดหน่อยแต่ก็กลมกล่อมดีนะ ค่อนข้างชอบค่ะ

นอกจากกาแฟแล้ว เขายังมีขายอาหารด้วยค่ะ เป็นอาหารจำพวกสเต็กน่ะค่ะ ยังไม่ได้ลองทานเหมือนกันเลยไม่สามารถบอกได้ว่าอร่อยมั๊ย เอาไว้ถ้าได้ไปลองทานมาแล้วจะเอามาแชร์ต่ออีกทีนะคะ ^^",ร,้,า,น,,C,P,",",,ค,า,ป,ู,ช,ิ,โ,น,่,",",,บ,ร,ร้านวานิลลาคาเฟ่เป็นร้านที่พี่สาวโปรดปรานเอามากๆ เรียกได้ว่าแนะนำถึงขนาดว่า ต้องมาทานคาโบนาร่าของที่นี่ให้ได้เลยทีเดียวค่ะ,คาเฟ่สไตล์ญี่ปุ่น-อิตาเลียน กลางซอยเอกมัย 12,"ร้านวานิลลาคาเฟ่ เป็นหนึ่งในร้านของวานิลาการ์เด้นค่ะ โดยในสวนกลางซอยเอกมัย 12 นี้จะมีร้านย่อยๆ อีก 3 ร้านด้วยกันค่ะ Vanilla Cafe’, Royal Vanilla และ Sauce",positive,neutral,neutral,ร,ย,า,ก,า,ศ,,,,,,,,,,,,,
ร้านนี้อยู่ตรงข้ามตลาดจักจั่น หรือซิคาด้าที่หัวหินนั่นเองค่ะ ร้านชื่อไทยมาก แต่ตกแต่งแบบบ้านฝรั่ง เหมือนในหนังเลย เป็นสีฟ้าพาสเทลทั้งหลังเลย สวยมากๆ น่าถ่ายรูปทุกมุมเลย ที่ร้านขายกาแฟ เบเกอรี่ ไวน์แล้วก็อาหารด้วย วันนี้เราสั่งเค้กส้ม เมนูแนะนำของที่ร้านมากินเค้าบอกว่าเค้กส้มที่นี่ไม่มีส่วนผสมของเนยเลย (หลอกตัวเองว่าอ้วนน้อยลงอีกนิด) เราว่าอร่อยดีนะหวานอมเปรี้ยวนิดๆ เค้กเนื้อนุ่มแน่ ไม่ร่วนๆ หอมกลิ่นส้ม สั่งมากินกับพีชโซดา จะบอกว่ามันไม่เข้ากันอ่ะ อาจจะเพราะพวกอิตาเลียนโซดามันควรจะเข้ากับผลไม้เปรี้ยวๆรึป่าวก็ไม่รู้ เราเลยรูสึกว่ามันซ่าๆหวานๆ รสมันโดดอ่ะ แต่กินกับเค้กส้มก็โอเคแหละ เพื่อนเราสั่งบานอฟฟี่ อันนี้ของโปรดเลย นี่ก็อร่อย ถ้าไม่กินกล้วยนะ คือกล้วยที่เค้าเอามาทำวันนั้นเหมือนมันยังไม่สุกดีอ่ะ มันเลยฝาดๆ เรากับเพื่อนเลยเอากล้วยออกแล้วค่อยกิน ส่วนเครื่องดื่มเพื่อนเราสั่งกีวี่โซดา อันนี้ก็ไม่บาลานซ์กัน มันเปรี้ยวไปหน่อย รวมๆเลยเค้กอร่อย แต่ว่าเครื่องดื่มไม่โอเคนะ บรรยากาศดี ราคามาตรฐานแหละ เหมาะกับการมานั่งชิวๆกับเพื่อน,บ,ร,ร,ย,า,ก,า,ศ,",",,เ,ค,้,ก,",",,ร,า,ค,า,,,ต้องมาทานคาโบนาร่าของที่นี่ให้ได้เลย,"ร้านวานิลลาคาเฟ่ เป็นหนึ่งในร้านของวานิลาการ์เด้นค่ะ โดยในสวนกลางซอยเอกมัย 12 นี้จะมีร้านย่อยๆ อีก 3 ร้านด้วยกันค่ะ Vanilla Cafe’, Royal Vanilla และ Sauce  Vanilla Cafe’ (ร้านหนังสือ) ซึ่งครั้งนี้ออฟ ไผ่ จิโรจและมิวหลังจากที่ไปเที่ยวตลาดคลองสวนกันมาแล้ว ไปเที่ยวตลาด 100 ปีบ้านใหม่มาแล้ว ไปดู I am number four มากันแล้ว ก็มาปิดท้ายการทานอาหารเย็นร่วมกันที่ร้านวานิลลาค่ะ","ร้านวานิลลาคาเฟ่ เป็นหนึ่งในร้านของวานิลาการ์เด้นค่ะ โดยในสวนกลางซอยเอกมัย 12 นี้จะมีร้านย่อยๆ อีก 3 ร้านด้วยกันค่ะ Vanilla Cafe’, Royal Vanilla และ Sauce  Vanilla Cafe’ (ร้านหนังสือ) ซึ่งครั้งนี้ออฟ ไผ่ จิโรจและมิวหลังจากที่ไปเที่ยวตลาดคลองสวนกันมาแล้ว ไปเที่ยวตลาด 100 ปีบ้านใหม่มาแล้ว ไปดู I am number four มากันแล้ว ก็มาปิดท้ายการทานอาหารเย็นร่วมกันที่ร้านวานิลลาค่ะ",positive,neutral,neutral,,,,,,,,,,,,,,,,,,,
คิดถึงร้านนี้มาก สมัยเรียนพิเศษที่ดาวองก์เยาวราช มากินแทบทุกวันเลย พอกัดอยู่ตรงสามแยกหมอมี ตรงข้ามธนาคารยูโอบีเลย ร้านเป็นตึกแถวสองคูหา ร้านอาจจะดูเก่าๆ โทรมๆหน่อย แต่ก็ตามกาลเวลานั่นแหละ ถึงจะเก่าแต่คนที่เยอะเต็มร้านเกือบจะตลอดเวลา ก็เป็นเครื่องการันตีได้ว่าร้านนี้เด็ดจริง นอกจากลอดช่องแล้วเค้าก็มีก๋วยเตี๋ยวขายด้วยแหละ สมัยเด็กๆเคยมากินจำได้ว่าอร่อยนะ ไม่ต้องปรุงเลย อีกอย่างที่จำได้เลยก็คือ ให้ลูกชิ้นเยอะมากกกก เอาล่ะ มาพูดถึงเรื่องลอดช่องบ้าง ลอดช่องที่นี่ถือว่าเป็นลอดช่องแบบต้นตำรับเลยก็ว่าได้ ใส่มาในแก้วใสๆเหมือนแก้วที่เค้าเอาไว้ชงกาแฟโบราณอ่ะ เนื้อลอดช่องเหนียวหนึบๆ เคี้ยวอร่อย มีขนุนด้วย เพิ่มรสหวานๆหอมๆ น้ำกะทิข้นแต่ไม่หวานมากจนแสบคอ กินกับน้ำแข็งป่น หวานมันกำลังดี กินแล้วชื่นใจ จะดูดกินเพลินๆหรือยกซดเลยก็ได้ สะใจดี,ล,อ,ด,ช,่,อ,ง,",",,ก,๋,ว,ย,เ,ต,ี,๋,ย,ว,",",,ข,"ร้านวานิลลาคาเฟ่ เป็นหนึ่งในร้านของวานิลาการ์เด้นค่ะ โดยในสวนกลางซอยเอกมัย 12 นี้จะมีร้านย่อยๆ อีก 3 ร้านด้วยกันค่ะ Vanilla Cafe’, Royal Vanilla และ Sauce",ร้านวานิลลาคาเฟ่ เป็นหนึ่งในร้านของวานิลาการ์เด้นค่ะ,"ร้านวานิลลาคาเฟ่ เป็นหนึ่งในร้านของวานิลาการ์เด้นค่ะ โดยในสวนกลางซอยเอกมัย 12 นี้จะมีร้านย่อยๆ อีก 3 ร้านด้วยกันค่ะ Vanilla Cafe’, Royal Vanilla และ Sauce  Vanilla Cafe’ (ร้านหนังสือ) ซึ่งครั้งนี้ออฟ ไผ่ จิโรจและมิวหลังจากที่ไปเที่ยวตลาดคลองสวนกันมาแล้ว ไปเที่ยวตลาด 100 ปีบ้านใหม่มาแล้ว ไปดู I am number four มากันแล้ว ก็มาปิดท้ายการทานอาหารเย็นร่วมกันที่ร้านวานิลลาค่ะ",neutral,neutral,neutral,น,ุ,น,,,,,,,,,,,,,,,,
"เช้านี้เกิดอยากทานข้าวแกงใต้ เหมือนทุกอย่างจะเป็นใจ เจอโดยบังเอิญซะงั้น ร้านพี่นันสังเกตุง่ายๆ อยู่ติดกับร้านต้นไม้ มีที่จอดรถกว้างขวาง ใครผ่านมาปากเกร็ดก่อนจะถึงตลาดปากเกร็ด หรือใครมาเที่ยวเกาะเกร็ดก็มาเติมพลังกันก่อน

ข้าวแกงที่นี้มีให้เลือกมากมาย รสชาติเผ็ดจัดจ้าน ที่สำคัญยังคงมีผักสดและน้ำพริกกะปิให้ตักทานให้หน่ำใจ เอาเป็นว่าไม่ผิดหวังจริงๆ อิ่มของคาวก็ทานวุ้นกะทิล้างปาก หรือจะเดินมาด้านนอกก็มีร้านกาแฟน่ารักๆ รายรอบด้วยไม้ดอกไม้ประดับก็แสนจะมีความสุข",ข,้,า,ว,แ,ก,ง,ใ,ต,้,",",,ร,ส,ช,า,ต,ิ,เ,ผ,็,ด,"ร้านวานิลลาคาเฟ่ เป็นหนึ่งในร้านของวานิลาการ์เด้นค่ะ โดยในสวนกลางซอยเอกมัย 12 นี้จะมีร้านย่อยๆ อีก 3 ร้านด้วยกันค่ะ Vanilla Cafe’, Royal Vanilla และ Sauce  Vanilla Cafe’ (ร้านหนังสือ) ซึ่งครั้งนี้ออฟ ไผ่ จิโรจและมิวหลังจากที่ไปเที่ยวตลาดคลองสวนกันมาแล้ว ไปเที่ยวตลาด 100 ปีบ้านใหม่มาแล้ว ไปดู I am number four มากันแล้ว ก็มาปิดท้ายการทานอาหารเย็นร่วมกันที่ร้านวานิลลาค่ะ",จังหวัดพนะนครศรีอยุธยา,เค้กที่นี่อร่อยมาก ทั้งเค้กนมสดและชีสเค้ก,neutral,neutral,positive,จ,ั,ด,จ,้,า,น,",",,ท,ี,่,จ,อ,ด,ร,ถ,,
"  วิสต้าคาเฟ่ อยู่ติดกับร้านวีราสุ ที่เน้นขายเครื่องใช้ไฟฟ้า ร้านนี้มองภายนอกดูราคาแพงมว๊าก ก่อนเข้าคิดว่าต้องมีหลักร้อยแน่ๆ 
   ที่นั่งแบ่งเป็นโต๊ะใหญ่ โต๊ะบลว์และโซนหน้าร้าน มีที่เสียบปลั๊กด้วย เผื่อนั่งทำงาน ร้านอยู่ติดตึกแกรมมี่เลยค่ะ วันซ้อมหนีไฟก็มานั่งกันเยอะมาก
    ราคายั้นผิดไปจากที่คาดไว้มากค่ะ คาดไว้ว่ามีร้อยกว่าแน่ ปรากฏว่า 60 -90 เท่านั้นค่ะ กาแฟก๊รสชาติใช้ได้เลย ไม่ได้เข้มหนัก แต่ก็ไม่จืดใสจนน่าเกลียด 
     เค้กราคาเกือบร้อยและร้อยกว่าบาทค่ะ 
      ร้านบรรยาดาศดีและเปิดแต่เช้าค่ะ พนักงานก็พูดจาดีด้วยนะคะ โดยรวมแล้วร้านนี้ผ่านค่ะ องค์ประกอบดีราคาไม่แพงค่ะ",ก,า,แ,ฟ,",",,บ,ร,ร,ย,า,ก,า,ศ,",",,ร,า,ค,า,,,ร้านกาแฟแอนด์เบเกอรี่,ร้าน 1-cake มีบริการกาแฟสด สมูตตี้ต่างๆและขนมอบประเภทขนมเค้ก,ทำขนมเค้กได้อร่อยมากค่ะทั้งงเค้กนมสดและชีสเค้ก,neutral,positive,positive,,,,,,,,,,,,,,,,,,,
"Art of Coffee Kasetsart เป็นร้านกาแฟรสชาติเยี่ยม ราคาไม่แพง บรรยากาศนั่งสบาย 

พนักงานที่ร้านน่ารักมาก อัธยาศัยดี พูดจากับลูกค้าเพราะมาก ทำให้อยากไปอุดหนุนบ่อยๆ ^^

เมนูที่ต้องสั่ง 

-เอ๊กซ์เพรสโซ่,ไอซ์ ลาเต้,ไอซ คาราเมล มัคคิอาโต้

-ชาอัสสัม,ชาซีลอน

-อิตาเลียนโซดา",ก,า,แ,ฟ,",",,บ,ร,ร,ย,า,ก,า,ศ,",",,พ,น,ั,ก,ง,า,ทำขนมเค้กได้อร่อยมากค่ะทั้งงเค้กนมสดและชีสเค้ก,เค้กของร้านนุ่ม แน่น หอมเนย,ร้าน 1-cake มีบริการกาแฟสด สมูตตี้ต่างๆและขนมอบประเภทขนมเค้ก ภายในร้านตกแต่งน่ารักตามสไตย์ของพี่หนึ่งเจ้าของร้านใจดี คุยเก่งที่สำคัญทำขนมเค้กได้อร่อยมากค่ะ,positive,positive,positive,น,,,,,,,,,,,,,,,,,,
"ร้านกาแฟนรสิงห์ ณ วังพญาไท

ได้ยินชื่อร้านกาแฟนี้มานานแล้ว อยากลองไปทานมาก ผ่านมาผ่านไปก็หลายรอบ วันนี้โชคดีมากที่ได้มาลองทาน เพราะวันนี้แหม่มและกุ้งมาตรวจวัดสายตาที่โรงพยาบาลพระมงกุฏฯ ค่ะ ช่วงพักเที่ยงทานข้าวเสร็จก็ไม่รู้จะไปไหนค่ะ นึกได้ว่ามีร้านกาแฟนรสิงห์ ณ วังพญาไท ชื่อก็ดูมีมนต์ขลังดีนะคะ กาแฟร้านนี้อยากทานมานานแล้วอยู่ในพระราชวังพญาไทบริเวณเดียวกัน ก็เดินไปเลยค่ะ และก็ไม่ผิดหวังได้ลองทานสมใจค่ะ วันนี้ทานไม่เยอะเพราะได้ทานข้าวมาแล้ว เลยสั่งแค่กาแฟและขนมนิดหน่อยแบ่งทานกับกุ้ง

แหม่มสั่งกาแฟ คาปูชิโน่เย็น (ราคา 40 บาท) ซึ่งเป็นกาแฟลาเต้ที่ใส่นมสด กาแฟ และโฟมนมเนียนๆ รสชาติของกาแฟหอมนุ่ม กลมกล่อมดีค่ะ และ อีกอย่างที่สั่งมาคือวาฟเฟิลราดน้ำผึ้ง ขอบอกว่าอร่อยเลยค่ะ ขนาดทานข้าวมาแล้วก็อยากทานอีก อิอิ 
     
“กาแฟนรสิงห์” จะเป็นกาแฟอาราบิก้า ซึ่งเป็นกาแฟสดจากไร่ของทางร้านเอง มีเค้กโฮมเมดกว่า 10 ชนิด ซึ่งจะผลัดเปลี่ยนหมุนเวียนกันออกมาในแต่ละวัน นอกจากนี้ก็ยังมีอาหารจานเดียวที่จะหมุนเวียนเมนูกันไป โดยมีจำพวกสลัดเป็นยืนพื้น มีเวลาก็อยากไปลองทานเมนูอื่นอีกค่ะ ที่เล็งๆ ไว้จะเป็น เครปเค้กชาไทย (110 บาท) และ ช็อคโกแลตมูสกาโต (110 บาท) และที่นี่จะมีเมนูจานด่วนน่าทานเช่นกันค่ะ
ร้าน “กาแฟนรสิงห์” ตั้งอยู่ที่ 315 อาคารเทียบรถพระที่นั่ง พระราชวังพญาไท ถนนราชวิถี แขวงทุ่งพญาไท เขตราชเทวี กทม. การเดินทางจาก ถนนราชวิถี ให้มุ่งหน้ามายังพระราชวังพญาไท (ติดกับโรงพยาบาลพระมงกุฎเกล้า) เลี้ยวเข้าพระราชวังพญาไท ร้านจะอยู่บริเวณอาคารเทียบรถพระที่นั่ง สามารถจอดรถได้บริเวณที่จอดรถของพระราชวังพญาไท ร้านเปิดทุกวัน จันทร์-ศุกร์ เปิดเวลา 08.30-19.00 น. เสาร์-อาทิตย์ เปิดเวลา 10.30-19.00 น. โทร. 0-2354-8376",ก,า,แ,ฟ,",",,อ,า,ร,า,บ,ิ,ก,้,า,",",,บ,ร,ร,ย,า,ร้าน 1-cake เป็นร้านกาแฟแอนด์เบเกอรี่ที่น่ารัก ตั้งอยู่ตรงข้ามพานิชใน จังหวัดพระนครศรีอยุธยา,จังหวัดพนะนครศรีอยุธยา,ทำขนมเค้กได้อร่อยมากค่ะทั้งงเค้กนมสดและชีสเค้ก,positive,neutral,positive,ก,า,ศ,,,,,,,,,,,,,,,,
"ร้านนี้น่าจะเป็น Cat Cafe ร้านแรกของประเทศไทย เจ้าของร้านคือคุณเพชร (ฝาแฝดเพชร-พลอย) ร้านแต่งได้น่ารักมาก และแมวในร้านก็น่ารักมากๆด้วย ก่อนเข้าร้านทางร้านจะให้ล้างมือ และถอดรองเท้าก่อน ถึงจะเข้าไปข้างในห้องที่มีแมวมากมาย 
ทางร้านมีชากาแฟ และเบเกอรี่ ซึ่งน่ารักมากเช่นกัน รสชาติโอเคไม่ถึงกับอร่อย แต่ก็ถือว่าไปเอาบรรยากาศเนอะ 
คนรักแมวไปถ่ายรูปแมวก็สนุกแล้วค่ะ :3 ",แ,ม,ว,",",,บ,ร,ร,ย,า,ก,า,ศ,",",,ช,า,,ก,า,แ,ฟ,ทำขนมเค้กได้อร่อยมากค่ะทั้งงเค้กนมสดและชีสเค้ก,ภายในร้านตกแต่งน่ารักตามสไตย์ของพี่หนึ่งเจ้าของร้านใจดี,ไม่ระบุ,positive,positive,neutral,,,,,,,,,,,,,,,,,,,
"ครัวจันผา เขาใหญ่
สวัสดีค่ะ วันนี้พวกเรากว่า 20 ชีวิต เดินทางมาหาอากาศหนาวๆ ที่เขาใหญ่กันค่ะ แต่ผิดหวังไม่หนาวเอาซะเลยแถมร้อนอีกต่างหาก >_< พอถ่ายรูปที่บ้านรมควัน smoke house เสร็จก็กะหาร้่านกาแฟหรือร้านอาหารทานกัน แฮ่ะๆ ในแกงค์ไม่มีใครหาข้อมูลร้านอาหารมาเลยค่ะ หาแต่ที่เที่ยว ขับรถไปเรืี่อยๆ โชคดีเจอร้านจันผาค่ะ อยู่ริมถนนธนะรัชต์ ประมาณกม.ที่ 18 ใกล้ๆ กับโรงแรมกรีนเนอร์รี่เลยค่ะ

เค้าบอกว่าร้านอาหารนี้เพิ่งเปิดใหม่ได้ไม่นานค่ะ แต่กินขาดด้วยรสชาติอาหารไทยต้นตำรับแท้ๆ ทั้งปลาช่อนเผาแม่ลา เสิร์ฟพร้อมน้ำจิ้มสามอย่าง ทั้งน้ำจิ้มแจ่ว, ซีฟู้ด, และสะเดาน้ำปลาหวาน ที่กล่าวมาน้องๆ สั่งปลาช่อนเผาแม่ลามาอย่างเดียวเองค่ะ ส่วนเมนูอื่นที่สั่งมาก็อร่อยค่ะ

แถมด้านหลังร้านเค้าก็จะมีที่พักอย่างโรแมนติกรีสอร์ทให้บริการ อิ่มแล้วเช็คอินไปนอนฝันหวานกันได้เลย แต่พวกเราจองที่พักไว้แล้ว อิอิ อด ไว้รอบหน้าล่ะกันค่ะ วันนี้ลองทานอาหารก่อน

อาหารแนะนำ : ปลาช่อนเผาแม่ลา
เวลาเปิด : เปิดทุกวัน 11.00-22.00 น.
ที่อยู่ : ร้านอยู่ติดริมถนนธนะรัชต์ 
เบอร์โทรศัพท์ : 044-297-490-1",ป,ล,า,ช,่,อ,น,เ,ผ,า,",",,อ,า,ห,า,ร,ไ,ท,ย,",",,ร้าน 1-cake เป็นร้านกาแฟแอนด์เบเกอรี่ที่น่ารัก ตั้งอยู่ตรงข้ามพานิชใน จังหวัดพระนครศรีอยุธยา,ร้าน 1-cake มีบริการกาแฟสด สมูตตี้ต่างๆและขนมอบประเภทขนมเค้ก ภายในร้านตกแต่งน่ารักตามสไตย์ของพี่หนึ่งเจ้าของร้านใจดี คุยเก่งที่สำคัญทำขนมเค้กได้อร่อยมากค่ะทั้งงเค้กนมสดและชีสเค้ก,ร้าน 1-cake มีบริการกาแฟสด สมูตตี้ต่างๆและขนมอบประเภทขนมเค้ก ภายในร้านตกแต่งน่ารักตามสไตย์ของพี่หนึ่งเจ้าของร้านใจดี คุยเก่งที่สำคัญทำขนมเค้กได้อร่อยมากค่ะทั้งงเค้กนมสดและชีสเค้ก,positive,positive,positive,เ,ข,า,ใ,ห,ญ,่,,,,,,,,,,,,
"ร้านOISHI buffet อยู่ชั้น 7 เซ็นทรัลพระราม9
499net/คน  เวลาทาน 1ชั่วโมง 45นาที

เมื่อพนักงานพาไปที่โต๊ะแล้วเราก็จ่ายเงินเลยค่ะ แล้วก็ตักอาหารตามอัธยาศัยเลย
อาหารมีเยอะแยะมากมาย เห็นแล้วเลือกไม่ถูกเลยทีเดียว อยากจะมีสัก10มือ 555

เทปันยากิ : โซนนี้จะมีปลาแซลมอน หมู ไก่ บาบีคิว เห็ด ข้าวโพด ฯลฯ เป็นของสดทั้งหมด เราจะต้องตักใส่จานเองแล้วใช้ตัวหนีบ(มีอยู่บนโต๊ะเรา) หนีบที่จานเอาไว้ เมื่ออาหารเสร็จแล้วพนักงานจะมาเสิร์ฟเราที่โต๊ะเองค่ะ
ผัก-ผลไม้ : โซนนี้จะมีสลัดบาร์ ผลไม้(แก้วมังกร สับปะรด แคนตาลูป ฝรั่ง) เต้าทึง(ตักส่วนผสมเอง) โมจิถั่วแดง ทาโกะยากิ โอโคโนมิยากิ
ชาบู : จะมีเตาและวัตถุดิบต่างๆที่เราสามารถหยิบไปทำชาบูเองได้ที่โต๊ะ หยิบซุปกาไปด้วยนะจ้ะ มีซุปมิโสะที่ให้ใส่สาหร่ายใส่เต้าหู้ได้ตามใจชอบ มีโซบะเย็นด้วย ติ่มซำ(จีบกุ้งอร่อยยยย กุ้งตัวโดเต็มคำ)
ปลาดิบ : มีแซลมอน ทูน่า ปลาไหล ข้าวปั้นต่างๆ สลัดไข่หวาน ยำสาหร่าย
โซนถัดมา : ผักโขมอบชีส(จัดอยู่ในถ้วยเล็๋กๆ)อร่อยมากกก ปลานึ่ง ข้าวผัด และกับข้าวอย่างอื่นอีก
ของหวาน : เค้กชิ้นเล็กๆ บราวนี่ เพนนาค็อตต้า สลัดผลไม้ เจลลี่ผลไม้ คัฟเค้ก ซอฟท์ครีมรสวนิลลากับรสมะม่วง
เครื่องดื่ม : ชาเขียวสูตรดั้งเดิม ชาเขียวรสข้าวญี่ปุ่น ชาจีนร้อน น้ำเปล่า กาแฟ น้ำองุ่น น้ำพันช์
ยังมีอาหารอื่นๆอีกเยอะที่จำไม่ได้ 

ถือว่าคุ้มดีค่ะกับราคาแค่499บาทที่สามารถเลือกทานอาหารได้หลากหลายดี แม้จะไม่ได้ชิมหมดทุกอย่างก็ตาม หลักๆแล้วจ๊ะจ๋าทานแต่ปลาดิบกับแซลมอนย่างซีอิ๊ว ที่ชอบอีกอย่างในบุฟเฟต์ที่นี่คือไอติมค่ะ สามารถกดไอติมได้เอง สนุกกก 5555
",บ,ุ,ฟ,เ,ฟ,ต,์,",",,ป,ล,า,แ,ซ,ล,ม,อ,น,",",,ไ,อ,จังหวัดพนะนครศรีอยุธยา,ร้าน 1-cake เป็นร้านกาแฟแอนด์เบเกอรี่ที่น่ารัก ตั้งอยู่ตรงข้ามพานิชใน จังหวัดพระนครศรีอยุธยา ร้านนี้มีบริการกาแฟสด สมูตตี้ต่างๆ และขนมอบประเภทขนมเค้ก ภายในร้านตกแต่งน่ารักตามสไตย์ของพี่หนึ่งเจ้าของร้านใจดี คุยเก่งที่สำคัญทำขนมเค้กได้อร่อยมากค่ะ ทั้งเค้กนมสดและชีสเค้ก,กาแฟที่นี่อร่อยมาก หอมกลิ่นกาแฟคั่วสด,neutral,positive,positive,ต,ิ,ม,,,,,,,,,,,,,,,,
"ร้านนี้โฆษณาว่า มีเบียร์แช่เย็นเป็นวุ้น ขายด้วย
เป็นร้านกาแฟ เล็กๆ น่ารัก อยู่หน้าโรงแรมเทรนดี้
มีอาหารง่ายๆ ขายนิดหน่อย พอแก้หิว และเป็นกับแกล้ม

ลองสั่ง ข้าวหน้าหมูกระเทียม และไข่ดาวไม่สุก อร่อยพออาศัยได้
และยำไข่เยี่ยวม้า ก็รสชาติดีพอสมควร เป็นกับแกล้มได้ครับ

ร้านเล็กๆ พอนั่งดื่ม นั่งกิน สงบๆครับ",ร,้,า,น,ก,า,แ,ฟ,",",,อ,า,ห,า,ร,ง,่,า,ย,ๆ,",",,กาแฟที่นี่อร่อยมาก หอมกลิ่นกาแฟคั่วสด,Banana Split Latte(85บาท) เป็นกาแฟสูตรเฉพาะของทางร้านที่สั่งครั้งแรกก้อต้องตกหลุมรักแก้วนี้ไปเต็มๆ,กาแฟที่นี่อร่อยมาก หอมกลิ่นกาแฟคั่วสด,positive,positive,positive,ก,ั,บ,แ,ก,ล,้,ม,,,,,,,,,,,
"หากพูดถึงร้านนี้ ทุกคนอาจจะนึกถึงแต่กาแฟ/เครื่องดื่มต่างๆเพียงอย่างเดียว แต่อันที่จริงร้านนี้เขาก็ขายอาหารและอร่อยอีกด้วยนะคะเนี่ยยยยย. >\\< 

นอกจากกาแฟหอมๆ เครื่องดื่มหวานๆแล้ว อาหารที่นี่อร่อยเหาะไม่แพ้กันเลยจ้าาาา เมนูของทางร้านมีมากมายให้เลืิอกสั่ง ของทานเล่น พวกยำต่างๆก็มี หรือจะอาหารหนักท้องไปเลยก็เยอะค่ะ แพ็ทชอบผัดไทกุ้งสดของที่นี่มากๆ เป็นเมนูมีชื่อของทางร้านเลยนะคะ 
นอกจากนี้ข้าวผัดแกงเขียวหวานก็อร่อย ผัดได้เข้มข้นไม่เผ็ดมากจนเกินไป อร่อยจริงๆค่ะ 
คาโบนาร่าของที่นี่น่าตาน่าทานมาก รสชาติดีใช้ได้ แต่ก็ยังสู้ของ SCOOZI PIZZA ไม่ได้ค่ะ แหะๆ ^^""
 ใครที่อยากดื่มเครื่องดื่มอร่อยๆ ไปพร้อมๆกับอาหารรสเลิศในราคาไม่แพงมาก ก็สามารถลองเข้าไปอุดหนุนที่ร้านแบล็คแคนยอนทุกสาขาได้นะจ๊ะ ^_____^",ก,า,แ,ฟ,",",,อ,า,ห,า,ร,",",,ผ,ั,ด,ไ,ท,ก,ุ,้,ง,กาแฟที่นี่อร่อยมาก หอมกลิ่นกาแฟคั่วสด,กาแฟที่นี่อร่อยมาก หอมกลิ่นกาแฟคั่วสด,Banana Split Latte(85บาท) เป็นกาแฟสูตรเฉพาะของทางร้านที่สั่งครั้งแรกก้อต้องตกหลุมรักแก้วนี้ไปเต็มๆ,positive,positive,positive,ส,ด,,,,,,,,,,,,,,,,,
"เหมือนร้านจะย้ายมาจากใต้ดิ อิมเพรสป่าว ไม่มั่นใจนะ(ตอนนี้อยู่ใต้พิมานคอนโด)
รสชาติกาแฟเหมือน starbucks เลย บรรยากาศน่านั่งที่สุดในสามโลก ร้านสวยมาก บรรยายไม่ถูกดูจากรูปเอานะ กินกาแฟพร้อมกับฟังเพลงสบายๆที่ร้านเปิด อาห์~ มีความสุขจัง ราคาก็แพงกว่าร้านกาแฟแถวนี้อยู่หน่อยแต่อร่อย+ถูกกว่าstarbucks แต่ปัญหาอยู่ที่หาที่จอดรถยากมากกกกก ถ้ามีโอกาสก็อยากให้แวะมา ที่ร้านมีเบเกอรี่+ไอศกรีมด้วยนะ อร่อยๆๆ อยากให้มาลองกัน ><",ก,า,แ,ฟ,",",,บ,ร,ร,ย,า,ก,า,ศ,",",,ร,า,ค,า,,,กาแฟที่นี่อร่อยมาก หอมกลิ่นกาแฟคั่วสด,กาแฟที่นี่อร่อยมาก หอมกลิ่นกาแฟคั่วสด,กาแฟที่นี่อร่อยมาก หอมกลิ่นกาแฟคั่วสด,positive,positive,positive,,,,,,,,,,,,,,,,,,,
"ทุกเช้าของวันเสาร์เราจะต้องไปซื้อ กาแฟ สตาร์บัคส์ เป็นประจำก่อนไปทำงานเค้าเปิดเช้าเลยได้มีโอกาส  :)
แต่ถ้าวันธรรมดาจะแวะไม่ได้เพราะตรงแถว มเหสักข์ สาทร รถติดอ่ะ เลยอดกินเยยย

วันนี้ก็สั่งแบบเดิมๆ ทุกครั้ง มอคค่าปั่น แต่ทำไมวันนี้มัน หวานสุดๆ หวานจนแสบคอเยย  : (
เป็นงงสงสัยวันนี้เค้าคงทำนมหกทั้งกระป๋องแน่ๆเลย

หรือไม่ก็เปลี่ยนคนชงใหม่ หน้าตาที่ไม่คุ้นเคยเลย  “ ความเหมือนที่แตกต่างกัน “
เลยทำให้รสชาติเปลี่ยนไปไม่ค่อยอร่อยเลย ดีนะที่มี ขนมทนแทนกันไป

Crispy Milk Chocolate  

ของโปรดเลย ชอบๆอร่อยๆ  ",ส,ต,า,ร,์,บ,ั,ค,ส,์,",",,ม,อ,ค,ค,่,า,",",,ร,ส,กาแฟที่นี่อร่อยมาก หอมกลิ่นกาแฟคั่วสด,กาแฟที่นี่อร่อยมาก หอมกลิ่นกาแฟคั่วสด,กาแฟที่นี่อร่อยมาก หอมกลิ่นกาแฟคั่วสด,positive,positive,positive,ช,า,ต,ิ,,,,,,,,,,,,,,,
"ก่อนอื่นเลยต้องขอบอกว่านี่คือรีวิวแรกในปีนี้ของเรานะคะ และเนื่องจากเป็นรีวิวแรก เราเลยอยากขอนำเสนอร้านอาหารร้านหนึ่งซึ่งแทบจะเรียกได้ว่าเป็นร้านประจำบ้านเราเลยก็ได้ค่ะ เพราะไปกินกันบ่อยมาก(โดยเฉพาะเวลาจะเดินทางไปแถวชลบุรี ระยอง ตอนเช้าจะต้องแวะกินประจำค่ะ) ร้านนี้มีชื่อร้านว่า เตียกุ่ยฮวด ค่ะ

เป็นร้านอาหารตามสั่งที่มีขายทั้งข้าวและก๋วยเตี๋ยวเลยค่ะ นอกจากนี้ยังมีขายกาแฟสด รวมไปถึงขนมของฝากทั้งหลายด้วย เรียกว่าร้านเดียวมีครบทุกอย่าง อ้อ!เกือบลืมบอกไปว่า มีขายขนมครกด้วยนะ อร่อยมากๆอะ >__<

เมนูโดดเด่นของที่ร้านคือก๋วยเตี๋ยวเป็ดค่ะ น้ำก๋วยเตี๋ยวหอมมาก เส้นใช้ได้ เป็ดค่อนข้างจะนุ่มดีค่ะ แต่เวลาไปกินเนี่ย เราจะชอบสั่งข้าวมันไก่มาทานเสียมากกว่า ก็แบบข้าวมันไก่ที่นี่รสชาติแล้วแต่อารมณ์คนทำมากอะ บางวันก็อร่อยเชียว แต่บางวันรสชาติย่ำแย่(พอสมควร) เวลาจะกินทีเหมือนต้องเสี่ยงดวงเลยค่ะว่าวันนี้จะเจอแบบไหน หุหุ อีกเมนูที่อยากแนะนำคือ ข้าวคลุกกะปิ ค่ะ ค่อนข้างอร่อยเลยเหมือนกัน ให้เครื่องมาเยอะดีด้วย แต่ที่ไม่แนะนำเลยคือข้าวหน้าเป็ดและข้าวหมูกรอบ เพราะเรารู้สึกว่ามันแห้งเกินไปน่ะค่ะ ไม่ค่อยเวิร์กเท่าไร(แต่บางคนอาจจะชอบก็ได้นะ)

อ๊ะๆ! เกือบลืมอีกแล้ว(หลายลืมแล้วรู้สึก =.=) จะบอกว่า มาร้านนี้ต้องอย่าพลาดเมนูหมูสะเต๊ะนะคะ รสเด็ดมาก เราชอบมากๆอะ(แต่ชอบของที่ร้านแม่ศรีเรือนมากกว่านะ แหะๆ) น้ำจิ้มเขาอร่อยดีค่ะ หมูไม่ค่อยนุ่มเท่าไร แต่กลิ่นหอมดี  แต่ไม่มีขนมปังปิ้งให้นะร้านนี้ 

ส่วนกาแฟสดของร้านนี้ เราว่ารสชาติใช้ได้อยู่ค่ะ ไม่ถึงกับอร่อยมากนัก(ให้เทียบกับระดับเทพอย่างสตาร์บักส์คงไม่ไหว ยังห่างชั้นอยู่มาก เหอๆ) แต่ก็พอทานได้นะ ติดจะหวานไปสักหน่อย แต่สำหรับเราที่ชอบทานหวานอยู่แล้วเลยรู้สึกว่าโอเคค่ะ 

ขอส่งท้ายด้วยเรื่องของบรรยากาศร้านแล้วกัน จะบอกว่าตัวร้านจะไม่ค่อยน่านั่งนะ เป็นร้านแบบเปิดโล่ง ไม่มีแอร์ค่ะ มีแต่พัดลม ร้านกว้างพอดู มีโต๊ะเยอะ แต่ถ้ามาช่วงเที่ยงก็อาจจะไม่มีที่นั่งนะ คนไปกินเยอะมากร้านนี้ ร้านจะดูมืดๆทึมๆไปหน่อยค่ะ พนักงานของร้านส่วนใหญ่จะไม่ใช่คนไทยนะ จนบางครั้งอาจเกิดปัญหาคุยกันไม่รู้เรื่อง(คือเราพูดปกติ แต่พนักงานฟังไม่รู้เรื่องเอง อะไรยังไงก็ว่าไป) แต่สิ่งหนึ่งที่ชอบคือ เขาบริการดีน่ะค่ะ อาหารก็มาเร็ว(ถ้าไม่เกิดกรณีจดออเดอร์ผิดพลาดนะ) ใครแวะผ่านมาย่านนี้ อยากให้เข้าไปลองกันนะคะ ^__^


",ก,๋,ว,ย,เ,ต,ี,๋,ย,ว,เ,ป,็,ด,",",,ข,้,า,ว,ค,ล,กาแฟที่นี่อร่อยมาก หอมกลิ่นกาแฟคั่วสด,กาแฟที่นี่อร่อยมาก หอมกลิ่นกาแฟคั่วสด,กาแฟที่นี่อร่อยมาก หอมกลิ่นกาแฟคั่วสด,positive,positive,positive,ุ,ก,ก,ะ,ป,ิ,",",,บ,ร,ร,ย,า,ก,า,ศ,,,
"เป็นร้านที่เดินผ่านแล้วหอมกาแฟจังเลย ยั่วยวนมาก (ขนาดไม่ค่อยชอบทานกาแฟ แค่ได้กลิ่นก็ยังอยากดื่มเลยคะ) ปกติจะทาน java คะ เป็นเครื่องดื่มผสมกาแฟบางๆกับช็อกโกแลต เป็นเมนูโปรดเลยแหละคะ
ร้านก็น่านั่ง เหมาะสำหรับพบปะนั่งคุยแบบไม่นาน (ส่วนใหญ่ชอบเห็นคนมานั่งทำงานกันนานๆ)",ก,า,แ,ฟ,",",,บ,ร,ร,ย,า,ก,า,ศ,",",,เ,ค,ร,ื,่,อ,สลัดไก่กรอบค่ะ (139 บาท)เพราะที่น้านใช้ผักออร์แกนิคสด และทำน้ำสลัดเอง มีผักและน้ำสลัดเป็นขวดแบ่งขายด้วยค่ะ,กาแฟที่นี่อร่อยมาก หอมกลิ่นกาแฟคั่วสด,กาแฟที่นี่อร่อยมาก หอมกลิ่นกาแฟคั่วสด,positive,positive,positive,ง,ด,ื,่,ม,,,,,,,,,,,,,,
"ทานกาแฟแก้ง่วงในยามบ่าย ที่ร้าน lord of coffee ภายในหมู่บ้านสัมมากร ถนนรามคำแหง ที่จึ้นชื่อว่ามีร้านอาหารบรรยากาศดีๆ ริมสระน้ำอยู่หลายร้าน

ร้านนี้บรรยากาศร่มรื่นมากครับมีมุมให้นั่งได้สบายๆ พร้อมเครื่องดื่มหลากหลาย เลือกได้ตามเมนูด้านหน้าเคาเตอร์เห็นได้ชัดเจน สงวนราคาก็ประมาณ 40-70 บาท วันเสาร์ อาทิตย์ว่างๆ มาหาที่อ่านหนังสือเพลินๆ ที่ร้านนี้แนะนำเลยครับ ผมเองก็แอบแว๊บมาประจำ",ก,า,แ,ฟ,",",,บ,ร,ร,ย,า,ก,า,ศ,",",,ส,ั,ม,ม,า,ก,กาแฟที่นี่อร่อยมาก หอมกลิ่นกาแฟคั่วสด,ร้านมีมุมเก๋ๆ ให้นั่ง นั่งคุยกันไปฟังเพลงไป มีกาแฟ เครื่องดื่ม เบเกอรี่และอาหารฟิวชั่นจานเดียวรสชาติดี,กาแฟที่นี่อร่อยมาก หอมกลิ่นกาแฟคั่วสด,positive,positive,positive,ร,,,,,,,,,,,,,,,,,,
"การสั่งกาแฟ และ เค๊ก ตล้ายๆกับ Starbuck 
คือ ไปสั่งกาแฟ และ ขนม ที่เคาวน์เตอร์
จ่ายเงิน และถือมากินที่โต๊ะเอง

ลองสั่ง คาปูชิโน่ และชีสเค๊ก ไปกิน

คาปูชิโน่ รสชาติไม่มีอะไรโดดเด่น ไม่มีการแต่งฟอง ให้เป็นรูปต่างๆ
เหมือนกับ ที่กินร้านอื่น

ส่วนชีสเค๊ก ผมว่า รสชาติก็กลางๆ ครับ ไม่โดดเด่นมาก
คาปูชิโน่ แก้วละ 65 บาท++
ส่วน บราวนี่ ชีสเค๊ก ชิ้นละ 100 บาท++

ก็นับว่า ราคาสูงอยู่นะ แต่พนักงานก็อัธยาศัยดี น่ารักครับ
",ก,า,แ,ฟ,",",,ร,า,ค,า,",",,พ,น,ั,ก,ง,า,น,,,,กาแฟที่นี่อร่อยมาก หอมกลิ่นกาแฟคั่วสด,กาแฟที่นี่อร่อยมาก หอมกลิ่นกาแฟคั่วสด,กาแฟที่นี่อร่อยมาก หอมกลิ่นกาแฟคั่วสด,positive,positive,positive,,,,,,,,,,,,,,,,,,,
"ผมเห็นรีวิวจากคุณ RiceMango ผมก็หาโอกาสว่างตามมาลองชิม ก็เป็นอย่างที่ได้รีวิวไว้เลย บรรยากาศร้านร่มรื่น ตอนนี้เวลา 14:44 น. ไม่รู้สึกร้อนเลยสักนิด เหมาะแก่การนั่งชิวมากๆครับ กาแฟ แล้วก็เค้กเจ้าของร้านบอกว่าทำเอง รสชาติโอเคมากๆเลย  
ต้องมาลองครับ ไม่ผิดหวังแน่นอน",บ,ร,ร,ย,า,ก,า,ศ,",",,ก,า,แ,ฟ,",",,ร,ส,ช,า,ต,ิ,กาแฟที่นี่อร่อยมาก หอมกลิ่นกาแฟคั่วสด,Banana Split Latte(85บาท) เป็นกาแฟสูตรเฉพาะของทางร้านที่สั่งครั้งแรกก้อต้องตกหลุมรักแก้วนี้ไปเต็มๆ,ไอศครีมโฮมเมดแสนอร่อย รสโปรดคือ มะม่วง เปรี้ยวอมหวาน และหอมมากมาย (แอบชอบมากกว่าฮาเก้นดาสอีก) รสนี้ไม่เหมือนร้านอื่น มะนาว งงละสิว่าไม่เหมือนยังไง มันเปรี้ยวจี้ดได้ใจมากๆ ถูกใจที่สุด เหมือนกินมะนาวจริงๆ รสชาติไม่เหมือนรสมะนาวสีเขียวที่เราทานกันตอนเด็กๆนะ อันนั้นมีแต่กลิ่นมะนาว,positive,positive,positive,,,,,,,,,,,,,,,,,,,
วันนี้แวะไปกินข้าวที่เค้กคาเฟ่ หิวมากเลยสั่งมาหลายอย่าง กินสองคน โดนไปห้าร้อยกว่าบาท แต่ไม่ค่อยประทับใจเลย ไม่เหมือนทุกครั้งที่มา คุณภาพตกลงจากที่คาดไว้เยอะ ยกตัวอย่าง สลัดแซลมอนรมควัน แซลมอนมีกลิ่นแรงบ่งบอกให้รู้ว่าเก็บไว้นาน แกงจืดวุ้นเส้นหมูสับ มันมีแต่น้ำแกงจืด ควานหาเนื้อหมูกับวุ้นเส้นแทบไม่เจอ ที่พอจะใช้ได้ก็มีกระเพราหมูสับไข่ดาว แต่รู้สึกว่าราคาค่อนข้างโหดมากไปหน่อย ข้าวกระเพรากับไข่ปาไปจานละ 100 บาท โดยรวมก็แค่พอใช้สำหรับอาหารมื้อนี้ แต่ขอบอกว่ามันเป็นร้านศูนย์รวมพี่ทอม น้องทอมมากมาย ลองนับดูเล่นๆประมาณ 10 คนน่าจะได้ อิอิ ใครชอบแนวนี้แวะไปนั่งเล่นๆได้นะ,ร,า,ค,า,",",,ค,ุ,ณ,ภ,า,พ,",",,ส,ล,ั,ด,แ,ซ,ล,ม,ไอศครีมโฮมเมดแสนอร่อย รสโปรดคือ มะม่วง เปรี้ยวอมหวาน และหอมมากมาย (แอบชอบมากกว่าฮาเก้นดาสอีก) รสนี้ไม่เหมือนร้านอื่น มะนาว งงละสิว่าไม่เหมือนยังไง มันเปรี้ยวจี้ดได้ใจมากๆ ถูกใจที่สุด เหมือนกินมะนาวจริงๆ รสชาติไม่เหมือนรสมะนาวสีเขียวที่เราทานกันตอนเด็กๆนะ อันนั้นมีแต่กลิ่นมะนาว,ไอศครีมโฮมเมดแสนอร่อย รสโปรดคือ มะม่วง เปรี้ยวอมหวาน และหอมมากมาย (แอบชอบมากกว่าฮาเก้นดาสอีก),ร้านไอศครีมน่ารักๆ เหมาะกับพาครอบครัวมานั่งทานอาหารว่างกันตอนบ่ายๆหรือตอนค่ำๆก่อนกลับบ้านมากๆ,positive,positive,positive,อ,น,,,,,,,,,,,,,,,,,
"ชอบมาทานร้านนี้ถ้าอยากกินอาหารเวียดนามใกล้บ้าน อยู่ในซอยราชครูเข้ามานิดเดียวทางซ้ายมือ
ที่จอดรถค่อนข้างน้อยเพราะต้องแชร์กับร้านค้าในเวิ้งเดียวกัน บางครั้งอาจต้องออกไปจอดตามซอยข้างๆ

อาหารที่นี่มีหลายหลากเมนู อร่อยทุกเมนูที่เคยทาน น้ำจิ้มให้มาอย่างสะใจ ขอเพิ่มได้ตลอด 
ร้านตกแต่งเหมือนร้านอาหารเวียดนามทั่วไป คือต้องมีรูปเกี่ยวกับเวียดนามและหญิงสาวเวียดนามแต่งตัวมาอวดทรวดทรงที่ผอมบางเพราะทานกันแต่ผัก 
ผิดหวังอย่างเดียวคือกาแฟเวียดนามไม่ได้มาในถ้วยกดให้น้ำหยด แต่ชงมาให้สำเร็จ รสชาติเลยไม่เข้มข้นและออกหวานเกินไป สั้งพวกน้ำผลไม้ปั่นแทน
ราคาเหมาะสมกับคุณภาพและปริมาณ
",อ,า,ห,า,ร,เ,ว,ี,ย,ด,น,า,ม,",",,น,้,ำ,จ,ิ,้,ม,รสนี้ไม่เหมือนรสมะนาวสีเขียวที่เราทานกันตอนเด็กๆนะ อันนั้นมีแต่กลิ่นมะนาว,ไอศครีมโฮมเมดแสนอร่อย รสโปรดคือ มะม่วง เปรี้ยวอมหวาน และหอมมากมาย (แอบชอบมากกว่าฮาเก้นดาสอีก) รสนี้ไม่เหมือนร้านอื่น มะนาว งงละสิว่าไม่เหมือนยังไง มันเปรี้ยวจี้ดได้ใจมากๆ ถูกใจที่สุด เหมือนกินมะนาวจริงๆ รสชาติไม่เหมือนรสมะนาวสีเขียวที่เราทานกันตอนเด็กๆนะ อันนั้นมีแต่กลิ่นมะนาว,ไอศครีมโฮมเมดแสนอร่อย - รสโปรดคือ มะม่วง เปรี้ยวอมหวาน และหอมมากมาย (แอบชอบมากกว่าฮาเก้นดาสอีก),negative,positive,positive,",",,ก,า,แ,ฟ,,,,,,,,,,,,,
"ร้านนี้เป็นร้านขายขนมปังปิ้งแล้วก็น้ำปั่นอยู่หน้าร้านเครื่องเขียนC2 ถ้ามาจากองค์พระ เลี้ยยวซ้ายแยกสนามจันทร์เลยมาอีกหน่อยร้านจะอยู่ทางซ้ายมือ จุดสังเกตุง่ายๆก็คือป้ายร้านC2ที่ใหญ่มากๆ 

ร้านนี้เป็นร้านรถเข็นธรรมดา ไม่มีที่นั่งให้นั่งกินที่ร้าน ซื้อกลับได้อย่างเดียว ตอนช่วงบ่ายๆเย็นๆจะเห้นคนมุงอยู่เยอะมาก เพราะว่ามารอคิวซื้อน้ำปั่นกับขนมปัง 

เริ่มที่น้ำปั่นก่อนเลยแล้วกันป้าแกมีทั้งโกโก้ ชาเย็น กาแฟ ขาเขียว น้ำเขียว น้ำแดง แล้วก็น้ำผลไม้ปั่น เราชอบกินขานมเพราะว่าหอมมัน และหวานไม่มาก 

ส่วนโกโก้ก็เป็นโกโก้เข้มข้น หอม ไม่หวานเกิน 

น้ำผลไม้ของที่นี่แกไม่ได้ใช้น้ำผลไม้เป็นขวดๆ หรือไซรัปนะ แกใช้ผลไม้สด กินแล้วสดชื่นมาก 

อีกอย่างที่เราชอบคือโยเกิร์ตปีโป้ กับยาคูล์ปีโป้ อันนี้อร่อยจริง เปรี้ยวๆหวานๆดี 

ส่วนขนมปังปิ้งของที่นี่จะให้สัมผัสทั้งกรอบและนุ่ม หอมเนย ชุ่มนมมาก หรือกินเป็นแยมสตอร์วเบอร์รี่หรือผงโกโก้ก็อร่อย 

ที่สำคัญถูกมาก ถ้าจะไม่ผิดสามคู่20เองมั้ง รู้แต่ว่าสามคู่ไม่เคยพออ่ะ นี่ถ้าป้าแกเปิดร้านจริงจัง เราว่าต้องขายดี คนเข้าเต็มร้านแน่ๆ",ข,น,ม,ป,ั,ง,ป,ิ,้,ง,",",,น,้,ำ,ป,ั,่,น,",",,ร,ไอศครีมรสโปรดคือ มะม่วง เปรี้ยวอมหวาน และหอมมากมาย (แอบชอบมากกว่าฮาเก้นดาสอีก),ร้านไอศครีมน่ารักๆ เหมาะกับพาครอบครัวมานั่งทานอาหารว่างกันตอนบ่ายๆหรือตอนค่ำๆก่อนกลับบ้านมากๆ,ชอคโกแลตส้ม กับ กาแฟเอคเปรสโซ่ ก็เข้มข้นมากๆ ใครชอบขมๆต้องลอง,positive,positive,positive,า,ค,า,,,,,,,,,,,,,,,,
"มาที่พารากอนตอนกลางวันรีบๆ จะกลับไปทำงานยังมาทานอาหารญี่ปุ่นที่ Nippon Kai ได้ ร้านอยู่ถัดจาก coffee bean มาอีกแยกนึง หน้า goumet market มาสองก็สั่งลองไปสองอย่าง 
1. chirashi don 370฿ ข้าวญี่ปุ่นออกแฉะ ตัวข้าวไมาอร่อย เนื้อปลาที่ได้มาสดมี แซลมอน ปลาหมึก กุ้ง ไข่หวาน แถมยำสาหร่ายและซุป
2. buta steak set 225 ฿ ข้าวไม่อร่อยเช่นกัน แต่ปริมาณที่ได้รับหมูเยอะ มีผักสลัด ซุปมาด้วย หมูไม่มันรสชาติอร่อย
น้ำขวดละ 20฿ บวก SC&VAT เป็น 724฿ for 2 persons บริการนับว่ารวดเร็วใช้ได้ อาจเป็นเพราะมาช่วงบ่ายโมง คนค่อนข้างน้อยแล้ว",ญ,ี,่,ป,ุ,่,น,",",,c,h,i,r,a,s,h,i,,d,o,n,",",ไอศครีมโฮมเมดแสนอร่อย รสโปรดคือ มะม่วง เปรี้ยวอมหวาน และหอมมากมาย (แอบชอบมากกว่าฮาเก้นดาสอีก) รสนี้ไม่เหมือนร้านอื่น มะนาว งงละสิว่าไม่เหมือนยังไง มันเปรี้ยวจี้ดได้ใจมากๆ ถูกใจที่สุด เหมือนกินมะนาวจริงๆ รสชาติไม่เหมือนรสมะนาวสีเขียวที่เราทานกันตอนเด็กๆนะ อันนั้นมีแต่กลิ่นมะนาว,ไอศครีมโฮมเมดแสนอร่อย - รสโปรดคือ มะม่วง เปรี้ยวอมหวาน และหอมมากมาย (แอบชอบมากกว่าฮาเก้นดาสอีก),ไอศครีมรสโปรดคือ มะม่วง เปรี้ยวอมหวาน และหอมมากมาย (แอบชอบมากกว่าฮาเก้นดาสอีก),positive,positive,positive,,b,u,t,a,,s,t,e,a,k,,,,,,,,
